"";"sample";"count";"analysis"
"1";"HIP00110.tsv";50;FALSE
"2";"HIP00169.tsv";38;FALSE
"3";"HIP00594.tsv";85;TRUE
"4";"HIP00602.tsv";85;FALSE
"5";"HIP00614.tsv";48;FALSE
"6";"HIP00640.tsv";83;FALSE
"7";"HIP00707.tsv";77;TRUE
"8";"HIP00710.tsv";18;FALSE
"9";"HIP00715.tsv";100;FALSE
"10";"HIP00728.tsv";45;FALSE
"11";"HIP00734.tsv";35;FALSE
"12";"HIP00761.tsv";59;TRUE
"13";"HIP00769.tsv";95;FALSE
"14";"HIP00771.tsv";182;FALSE
"15";"HIP00773.tsv";115;FALSE
"16";"HIP00775.tsv";81;TRUE
"17";"HIP00777.tsv";178;TRUE
"18";"HIP00779.tsv";32;FALSE
"19";"HIP00805.tsv";120;FALSE
"20";"HIP00813.tsv";51;TRUE
"21";"HIP00819.tsv";94;FALSE
"22";"HIP00822.tsv";43;FALSE
"23";"HIP00825.tsv";94;FALSE
"24";"HIP00826.tsv";74;FALSE
"25";"HIP00832.tsv";68;FALSE
"26";"HIP00838.tsv";150;TRUE
"27";"HIP00851.tsv";127;TRUE
"28";"HIP00869.tsv";129;FALSE
"29";"HIP00898.tsv";149;TRUE
"30";"HIP00904.tsv";65;FALSE
"31";"HIP00924.tsv";109;TRUE
"32";"HIP00926.tsv";178;FALSE
"33";"HIP00934.tsv";120;FALSE
"34";"HIP00951.tsv";44;TRUE
"35";"HIP00971.tsv";185;TRUE
"36";"HIP00985.tsv";102;TRUE
"37";"HIP00997.tsv";73;FALSE
"38";"HIP00999.tsv";66;FALSE
"39";"HIP01004.tsv";111;FALSE
"40";"HIP01022.tsv";91;FALSE
"41";"HIP01055.tsv";36;FALSE
"42";"HIP01091.tsv";80;TRUE
"43";"HIP01129.tsv";90;FALSE
"44";"HIP01140.tsv";114;FALSE
"45";"HIP01160.tsv";81;FALSE
"46";"HIP01161.tsv";56;FALSE
"47";"HIP01162.tsv";88;FALSE
"48";"HIP01180.tsv";61;FALSE
"49";"HIP01181.tsv";39;TRUE
"50";"HIP01197.tsv";102;FALSE
"51";"HIP01206.tsv";40;FALSE
"52";"HIP01218.tsv";71;FALSE
"53";"HIP01219.tsv";114;TRUE
"54";"HIP01220.tsv";64;TRUE
"55";"HIP01223.tsv";115;TRUE
"56";"HIP01232.tsv";88;TRUE
"57";"HIP01253.tsv";104;FALSE
"58";"HIP01255.tsv";163;TRUE
"59";"HIP01264.tsv";109;FALSE
"60";"HIP01266.tsv";123;FALSE
"61";"HIP01298.tsv";100;FALSE
"62";"HIP01313.tsv";99;FALSE
"63";"HIP01359.tsv";52;FALSE
"64";"HIP01384.tsv";47;TRUE
"65";"HIP01391.tsv";65;FALSE
"66";"HIP01392.tsv";60;FALSE
"67";"HIP01393.tsv";118;FALSE
"68";"HIP01465.tsv";84;TRUE
"69";"HIP01470.tsv";78;TRUE
"70";"HIP01499.tsv";37;FALSE
"71";"HIP01501.tsv";10;TRUE
"72";"HIP01571.tsv";40;FALSE
"73";"HIP01582.tsv";54;FALSE
"74";"HIP01596.tsv";88;FALSE
"75";"HIP01597.tsv";91;FALSE
"76";"HIP01765.tsv";24;TRUE
"77";"HIP01795.tsv";79;FALSE
"78";"HIP01797.tsv";66;FALSE
"79";"HIP01798.tsv";106;FALSE
"80";"HIP01805.tsv";123;FALSE
"81";"HIP01820.tsv";89;FALSE
"82";"HIP01850.tsv";82;TRUE
"83";"HIP01856.tsv";58;TRUE
"84";"HIP01865.tsv";23;TRUE
"85";"HIP01867.tsv";98;FALSE
"86";"HIP01870.tsv";61;FALSE
"87";"HIP01947.tsv";85;TRUE
"88";"HIP02024.tsv";139;TRUE
"89";"HIP02078.tsv";148;TRUE
"90";"HIP02090.tsv";79;FALSE
"91";"HIP02103.tsv";162;FALSE
"92";"HIP02112.tsv";253;FALSE
"93";"HIP02126.tsv";118;TRUE
"94";"HIP02271.tsv";74;TRUE
"95";"HIP02663.tsv";70;TRUE
"96";"HIP02734.tsv";27;FALSE
"97";"HIP02737.tsv";123;FALSE
"98";"HIP02742.tsv";70;FALSE
"99";"HIP02780.tsv";69;FALSE
"100";"HIP02790.tsv";44;TRUE
"101";"HIP02805.tsv";92;FALSE
"102";"HIP02811.tsv";78;FALSE
"103";"HIP02820.tsv";126;FALSE
"104";"HIP02848.tsv";16;FALSE
"105";"HIP02855.tsv";150;FALSE
"106";"HIP02873.tsv";93;TRUE
"107";"HIP02875.tsv";100;FALSE
"108";"HIP02877.tsv";25;FALSE
"109";"HIP02928.tsv";144;TRUE
"110";"HIP02931.tsv";106;FALSE
"111";"HIP02947.tsv";206;TRUE
"112";"HIP02962.tsv";103;TRUE
"113";"HIP02997.tsv";59;TRUE
"114";"HIP03004.tsv";114;FALSE
"115";"HIP03099.tsv";110;FALSE
"116";"HIP03107.tsv";26;FALSE
"117";"HIP03111.tsv";64;FALSE
"118";"HIP03125.tsv";126;FALSE
"119";"HIP03184.tsv";26;FALSE
"120";"HIP03194.tsv";35;TRUE
"121";"HIP03197.tsv";90;FALSE
"122";"HIP03216.tsv";66;TRUE
"123";"HIP03228.tsv";141;FALSE
"124";"HIP03233.tsv";97;TRUE
"125";"HIP03236.tsv";150;FALSE
"126";"HIP03275.tsv";96;TRUE
"127";"HIP03370.tsv";168;TRUE
"128";"HIP03378.tsv";58;TRUE
"129";"HIP03381.tsv";46;TRUE
"130";"HIP03383.tsv";71;FALSE
"131";"HIP03385.tsv";82;FALSE
"132";"HIP03484.tsv";33;FALSE
"133";"HIP03494.tsv";93;FALSE
"134";"HIP03495.tsv";78;TRUE
"135";"HIP03502.tsv";119;FALSE
"136";"HIP03505.tsv";67;FALSE
"137";"HIP03511.tsv";113;TRUE
"138";"HIP03591.tsv";37;FALSE
"139";"HIP03592.tsv";135;FALSE
"140";"HIP03597.tsv";130;FALSE
"141";"HIP03618.tsv";113;TRUE
"142";"HIP03628.tsv";107;TRUE
"143";"HIP03630.tsv";64;TRUE
"144";"HIP03651.tsv";103;FALSE
"145";"HIP03677.tsv";124;TRUE
"146";"HIP03678.tsv";38;FALSE
"147";"HIP03685.tsv";22;FALSE
"148";"HIP03693.tsv";116;FALSE
"149";"HIP03695.tsv";57;TRUE
"150";"HIP03720.tsv";75;TRUE
"151";"HIP03732.tsv";83;FALSE
"152";"HIP03746.tsv";123;FALSE
"153";"HIP03807.tsv";85;TRUE
"154";"HIP03812.tsv";134;FALSE
"155";"HIP03814.tsv";178;FALSE
"156";"HIP04455.tsv";34;TRUE
"157";"HIP04464.tsv";88;TRUE
"158";"HIP04471.tsv";97;FALSE
"159";"HIP04475.tsv";79;TRUE
"160";"HIP04480.tsv";67;FALSE
"161";"HIP04498.tsv";99;FALSE
"162";"HIP04509.tsv";69;TRUE
"163";"HIP04510.tsv";55;TRUE
"164";"HIP04511.tsv";76;TRUE
"165";"HIP04527.tsv";107;TRUE
"166";"HIP04532.tsv";105;FALSE
"167";"HIP04545.tsv";107;FALSE
"168";"HIP04552.tsv";110;FALSE
"169";"HIP04555.tsv";141;TRUE
"170";"HIP04576.tsv";105;FALSE
"171";"HIP04578.tsv";133;TRUE
"172";"HIP04597.tsv";114;FALSE
"173";"HIP04605.tsv";61;TRUE
"174";"HIP04611.tsv";126;FALSE
"175";"HIP04634.tsv";134;TRUE
"176";"HIP04958.tsv";9;FALSE
"177";"HIP05311.tsv";59;TRUE
"178";"HIP05331.tsv";61;TRUE
"179";"HIP05377.tsv";100;FALSE
"180";"HIP05388.tsv";95;FALSE
"181";"HIP05390.tsv";81;FALSE
"182";"HIP05398.tsv";188;FALSE
"183";"HIP05405.tsv";72;TRUE
"184";"HIP05409.tsv";162;FALSE
"185";"HIP05434.tsv";85;TRUE
"186";"HIP05437.tsv";117;TRUE
"187";"HIP05444.tsv";87;FALSE
"188";"HIP05455.tsv";82;TRUE
"189";"HIP05460.tsv";54;TRUE
"190";"HIP05467.tsv";23;TRUE
"191";"HIP05524.tsv";27;FALSE
"192";"HIP05533.tsv";131;FALSE
"193";"HIP05535.tsv";106;TRUE
"194";"HIP05540.tsv";75;FALSE
"195";"HIP05551.tsv";57;TRUE
"196";"HIP05552.tsv";104;FALSE
"197";"HIP05559.tsv";144;TRUE
"198";"HIP05561.tsv";98;FALSE
"199";"HIP05563.tsv";65;TRUE
"200";"HIP05574.tsv";133;FALSE
"201";"HIP05578.tsv";117;FALSE
"202";"HIP05590.tsv";32;TRUE
"203";"HIP05595.tsv";66;TRUE
"204";"HIP05665.tsv";54;FALSE
"205";"HIP05757.tsv";27;FALSE
"206";"HIP05763.tsv";0;FALSE
"207";"HIP05815.tsv";46;TRUE
"208";"HIP05817.tsv";92;FALSE
"209";"HIP05832.tsv";41;TRUE
"210";"HIP05838.tsv";146;FALSE
"211";"HIP05841.tsv";92;TRUE
"212";"HIP05934.tsv";11;FALSE
"213";"HIP05941.tsv";85;FALSE
"214";"HIP05942.tsv";124;TRUE
"215";"HIP05948.tsv";38;FALSE
"216";"HIP05960.tsv";126;TRUE
"217";"HIP06191.tsv";77;FALSE
"218";"HIP07754.tsv";175;FALSE
"219";"HIP08076.tsv";99;FALSE
"220";"HIP08200.tsv";101;FALSE
"221";"HIP08223.tsv";78;FALSE
"222";"HIP08230.tsv";101;FALSE
"223";"HIP08236.tsv";130;FALSE
"224";"HIP08305.tsv";122;TRUE
"225";"HIP08337.tsv";81;TRUE
"226";"HIP08339.tsv";61;FALSE
"227";"HIP08345.tsv";87;FALSE
"228";"HIP08346.tsv";176;FALSE
"229";"HIP08389.tsv";159;FALSE
"230";"HIP08399.tsv";125;FALSE
"231";"HIP08400.tsv";97;TRUE
"232";"HIP08439.tsv";180;FALSE
"233";"HIP08499.tsv";167;TRUE
"234";"HIP08507.tsv";85;FALSE
"235";"HIP08521.tsv";163;TRUE
"236";"HIP08596.tsv";47;TRUE
"237";"HIP08598.tsv";108;TRUE
"238";"HIP08653.tsv";141;TRUE
"239";"HIP08702.tsv";85;TRUE
"240";"HIP08710.tsv";68;FALSE
"241";"HIP08711.tsv";82;FALSE
"242";"HIP08725.tsv";107;TRUE
"243";"HIP08792.tsv";123;TRUE
"244";"HIP08805.tsv";212;FALSE
"245";"HIP08816.tsv";112;FALSE
"246";"HIP08821.tsv";34;TRUE
"247";"HIP08827.tsv";77;TRUE
"248";"HIP08888.tsv";131;FALSE
"249";"HIP08890.tsv";96;TRUE
"250";"HIP08972.tsv";66;FALSE
"251";"HIP08977.tsv";118;FALSE
"252";"HIP08986.tsv";86;TRUE
"253";"HIP08989.tsv";165;FALSE
"254";"HIP09001.tsv";164;FALSE
"255";"HIP09020.tsv";79;TRUE
"256";"HIP09022.tsv";65;TRUE
"257";"HIP09026.tsv";114;TRUE
"258";"HIP09029.tsv";130;FALSE
"259";"HIP09041.tsv";52;FALSE
"260";"HIP09046.tsv";117;FALSE
"261";"HIP09051.tsv";92;TRUE
"262";"HIP09062.tsv";185;TRUE
"263";"HIP09097.tsv";46;FALSE
"264";"HIP09118.tsv";143;FALSE
"265";"HIP09119.tsv";85;TRUE
"266";"HIP09122.tsv";87;TRUE
"267";"HIP09150.tsv";101;TRUE
"268";"HIP09159.tsv";39;FALSE
"269";"HIP09190.tsv";95;TRUE
"270";"HIP09235.tsv";140;TRUE
"271";"HIP09253.tsv";142;FALSE
"272";"HIP09284.tsv";92;FALSE
"273";"HIP09344.tsv";165;FALSE
"274";"HIP09364.tsv";75;TRUE
"275";"HIP09365.tsv";104;TRUE
"276";"HIP09366.tsv";25;TRUE
"277";"HIP09430.tsv";67;TRUE
"278";"HIP09559.tsv";122;FALSE
"279";"HIP09624.tsv";72;TRUE
"280";"HIP09681.tsv";32;TRUE
"281";"HIP09775.tsv";72;TRUE
"282";"HIP09789.tsv";105;TRUE
"283";"HIP10358.tsv";133;FALSE
"284";"HIP10376.tsv";86;FALSE
"285";"HIP10377.tsv";160;TRUE
"286";"HIP10389.tsv";128;FALSE
"287";"HIP10408.tsv";166;TRUE
"288";"HIP10424.tsv";31;TRUE
"289";"HIP10443.tsv";86;TRUE
"290";"HIP10445.tsv";75;FALSE
"291";"HIP10447.tsv";131;FALSE
"292";"HIP10480.tsv";136;TRUE
"293";"HIP10507.tsv";87;TRUE
"294";"HIP10514.tsv";98;FALSE
"295";"HIP10545.tsv";48;FALSE
"296";"HIP10564.tsv";144;FALSE
"297";"HIP10568.tsv";82;TRUE
"298";"HIP10597.tsv";73;FALSE
"299";"HIP10602.tsv";135;FALSE
"300";"HIP10639.tsv";100;FALSE
"301";"HIP10669.tsv";124;TRUE
"302";"HIP10694.tsv";34;FALSE
"303";"HIP10716.tsv";111;TRUE
"304";"HIP10726.tsv";102;FALSE
"305";"HIP10730.tsv";89;FALSE
"306";"HIP10746.tsv";81;FALSE
"307";"HIP10759.tsv";99;FALSE
"308";"HIP10787.tsv";70;TRUE
"309";"HIP10814.tsv";147;TRUE
"310";"HIP10815.tsv";30;FALSE
"311";"HIP10817.tsv";50;TRUE
"312";"HIP10820.tsv";92;FALSE
"313";"HIP10821.tsv";74;FALSE
"314";"HIP10823.tsv";85;FALSE
"315";"HIP10846.tsv";131;FALSE
"316";"HIP11058.tsv";122;FALSE
"317";"HIP11513.tsv";71;TRUE
"318";"HIP11518.tsv";112;TRUE
"319";"HIP11553.tsv";118;FALSE
"320";"HIP11613.tsv";104;TRUE
"321";"HIP11649.tsv";46;TRUE
"322";"HIP11711.tsv";35;TRUE
"323";"HIP11717.tsv";47;TRUE
"324";"HIP11758.tsv";103;TRUE
"325";"HIP11774.tsv";41;TRUE
"326";"HIP11784.tsv";31;TRUE
"327";"HIP11845.tsv";31;FALSE
"328";"HIP11857.tsv";93;TRUE
"329";"HIP11937.tsv";117;TRUE
"330";"HIP11989.tsv";89;TRUE
"331";"HIP12034.tsv";179;FALSE
"332";"HIP12088.tsv";107;FALSE
"333";"HIP12091.tsv";42;FALSE
"334";"HIP12097.tsv";62;TRUE
"335";"HIP12099.tsv";139;TRUE
"336";"HIP12123.tsv";71;TRUE
"337";"HIP12129.tsv";65;FALSE
"338";"HIP12143.tsv";137;FALSE
"339";"HIP12165.tsv";45;TRUE
"340";"HIP12527.tsv";96;FALSE
"341";"HIP12533.tsv";105;FALSE
"342";"HIP12534.tsv";58;TRUE
"343";"HIP12538.tsv";125;FALSE
"344";"HIP12703.tsv";93;TRUE
"345";"HIP12743.tsv";39;TRUE
"346";"HIP12900.tsv";90;TRUE
"347";"HIP12980.tsv";87;TRUE
"348";"HIP13015.tsv";171;FALSE
"349";"HIP13122.tsv";131;FALSE
"350";"HIP13142.tsv";135;FALSE
"351";"HIP13157.tsv";67;TRUE
"352";"HIP13168.tsv";70;FALSE
"353";"HIP13176.tsv";114;TRUE
"354";"HIP13178.tsv";59;FALSE
"355";"HIP13183.tsv";183;FALSE
"356";"HIP13185.tsv";76;FALSE
"357";"HIP13193.tsv";23;FALSE
"358";"HIP13198.tsv";41;FALSE
"359";"HIP13206.tsv";17;FALSE
"360";"HIP13209.tsv";54;FALSE
"361";"HIP13214.tsv";108;TRUE
"362";"HIP13217.tsv";72;TRUE
"363";"HIP13220.tsv";63;TRUE
"364";"HIP13227.tsv";47;TRUE
"365";"HIP13228.tsv";197;FALSE
"366";"HIP13230.tsv";19;TRUE
"367";"HIP13233.tsv";85;TRUE
"368";"HIP13244.tsv";103;FALSE
"369";"HIP13245.tsv";54;TRUE
"370";"HIP13251.tsv";85;FALSE
"371";"HIP13252.tsv";90;FALSE
"372";"HIP13256.tsv";108;FALSE
"373";"HIP13263.tsv";58;FALSE
"374";"HIP13265.tsv";163;FALSE
"375";"HIP13274.tsv";153;FALSE
"376";"HIP13276.tsv";83;FALSE
"377";"HIP13284.tsv";48;FALSE
"378";"HIP13291.tsv";114;TRUE
"379";"HIP13294.tsv";76;FALSE
"380";"HIP13296.tsv";50;TRUE
"381";"HIP13303.tsv";127;FALSE
"382";"HIP13306.tsv";87;TRUE
"383";"HIP13309.tsv";176;TRUE
"384";"HIP13311.tsv";87;TRUE
"385";"HIP13318.tsv";45;TRUE
"386";"HIP13319.tsv";60;FALSE
"387";"HIP13324.tsv";124;TRUE
"388";"HIP13325.tsv";181;TRUE
"389";"HIP13350.tsv";67;FALSE
"390";"HIP13352.tsv";136;TRUE
"391";"HIP13355.tsv";132;TRUE
"392";"HIP13360.tsv";91;TRUE
"393";"HIP13361.tsv";64;TRUE
"394";"HIP13363.tsv";72;FALSE
"395";"HIP13370.tsv";91;FALSE
"396";"HIP13376.tsv";204;FALSE
"397";"HIP13383.tsv";122;FALSE
"398";"HIP13396.tsv";113;TRUE
"399";"HIP13402.tsv";30;FALSE
"400";"HIP13414.tsv";67;TRUE
"401";"HIP13427.tsv";189;TRUE
"402";"HIP13449.tsv";74;TRUE
"403";"HIP13463.tsv";195;FALSE
"404";"HIP13465.tsv";10;FALSE
"405";"HIP13473.tsv";127;FALSE
"406";"HIP13478.tsv";88;TRUE
"407";"HIP13489.tsv";110;TRUE
"408";"HIP13497.tsv";97;FALSE
"409";"HIP13505.tsv";21;FALSE
"410";"HIP13511.tsv";141;FALSE
"411";"HIP13513.tsv";133;TRUE
"412";"HIP13515.tsv";46;TRUE
"413";"HIP13518.tsv";65;TRUE
"414";"HIP13554.tsv";76;TRUE
"415";"HIP13567.tsv";62;FALSE
"416";"HIP13592.tsv";98;FALSE
"417";"HIP13610.tsv";95;TRUE
"418";"HIP13625.tsv";17;FALSE
"419";"HIP13627.tsv";104;TRUE
"420";"HIP13636.tsv";189;TRUE
"421";"HIP13654.tsv";126;TRUE
"422";"HIP13658.tsv";105;FALSE
"423";"HIP13661.tsv";81;FALSE
"424";"HIP13663.tsv";134;FALSE
"425";"HIP13667.tsv";58;TRUE
"426";"HIP13671.tsv";90;TRUE
"427";"HIP13686.tsv";83;FALSE
"428";"HIP13695.tsv";41;FALSE
"429";"HIP13699.tsv";94;TRUE
"430";"HIP13703.tsv";45;TRUE
"431";"HIP13709.tsv";141;FALSE
"432";"HIP13710.tsv";121;FALSE
"433";"HIP13720.tsv";135;FALSE
"434";"HIP13722.tsv";56;FALSE
"435";"HIP13736.tsv";113;FALSE
"436";"HIP13741.tsv";185;FALSE
"437";"HIP13746.tsv";69;FALSE
"438";"HIP13749.tsv";100;FALSE
"439";"HIP13751.tsv";112;TRUE
"440";"HIP13753.tsv";1;TRUE
"441";"HIP13754.tsv";120;FALSE
"442";"HIP13757.tsv";135;FALSE
"443";"HIP13760.tsv";25;FALSE
"444";"HIP13764.tsv";122;FALSE
"445";"HIP13766.tsv";23;FALSE
"446";"HIP13769.tsv";114;FALSE
"447";"HIP13771.tsv";71;TRUE
"448";"HIP13773.tsv";74;TRUE
"449";"HIP13774.tsv";49;FALSE
"450";"HIP13777.tsv";83;FALSE
"451";"HIP13780.tsv";109;FALSE
"452";"HIP13782.tsv";21;TRUE
"453";"HIP13786.tsv";206;FALSE
"454";"HIP13789.tsv";86;TRUE
"455";"HIP13793.tsv";84;TRUE
"456";"HIP13794.tsv";90;FALSE
"457";"HIP13796.tsv";241;FALSE
"458";"HIP13800.tsv";7;TRUE
"459";"HIP13803.tsv";116;FALSE
"460";"HIP13806.tsv";60;FALSE
"461";"HIP13809.tsv";55;TRUE
"462";"HIP13810.tsv";31;FALSE
"463";"HIP13812.tsv";38;FALSE
"464";"HIP13814.tsv";51;TRUE
"465";"HIP13818.tsv";94;TRUE
"466";"HIP13822.tsv";78;TRUE
"467";"HIP13823.tsv";68;FALSE
"468";"HIP13831.tsv";61;TRUE
"469";"HIP13833.tsv";51;TRUE
"470";"HIP13847.tsv";37;FALSE
"471";"HIP13848.tsv";51;FALSE
"472";"HIP13852.tsv";56;TRUE
"473";"HIP13853.tsv";158;FALSE
"474";"HIP13854.tsv";12;FALSE
"475";"HIP13856.tsv";124;TRUE
"476";"HIP13857.tsv";21;FALSE
"477";"HIP13859.tsv";52;FALSE
"478";"HIP13860.tsv";101;FALSE
"479";"HIP13865.tsv";40;TRUE
"480";"HIP13869.tsv";59;TRUE
"481";"HIP13871.tsv";60;FALSE
"482";"HIP13875.tsv";28;TRUE
"483";"HIP13877.tsv";110;FALSE
"484";"HIP13880.tsv";138;TRUE
"485";"HIP13887.tsv";91;FALSE
"486";"HIP13893.tsv";165;FALSE
"487";"HIP13894.tsv";25;TRUE
"488";"HIP13900.tsv";50;TRUE
"489";"HIP13902.tsv";79;TRUE
"490";"HIP13903.tsv";68;TRUE
"491";"HIP13911.tsv";127;TRUE
"492";"HIP13916.tsv";38;FALSE
"493";"HIP13919.tsv";60;TRUE
"494";"HIP13920.tsv";78;FALSE
"495";"HIP13923.tsv";5;TRUE
"496";"HIP13926.tsv";96;TRUE
"497";"HIP13928.tsv";75;TRUE
"498";"HIP13929.tsv";160;FALSE
"499";"HIP13932.tsv";151;TRUE
"500";"HIP13933.tsv";50;FALSE
"501";"HIP13935.tsv";83;FALSE
"502";"HIP13938.tsv";47;TRUE
"503";"HIP13939.tsv";65;TRUE
"504";"HIP13941.tsv";116;FALSE
"505";"HIP13944.tsv";13;FALSE
"506";"HIP13945.tsv";17;FALSE
"507";"HIP13947.tsv";130;FALSE
"508";"HIP13949.tsv";81;TRUE
"509";"HIP13951.tsv";118;TRUE
"510";"HIP13954.tsv";144;TRUE
"511";"HIP13956.tsv";140;TRUE
"512";"HIP13958.tsv";114;FALSE
"513";"HIP13961.tsv";75;FALSE
"514";"HIP13962.tsv";16;TRUE
"515";"HIP13964.tsv";112;TRUE
"516";"HIP13966.tsv";107;FALSE
"517";"HIP13967.tsv";84;TRUE
"518";"HIP13972.tsv";68;FALSE
"519";"HIP13975.tsv";141;TRUE
"520";"HIP13976.tsv";53;TRUE
"521";"HIP13978.tsv";119;FALSE
"522";"HIP13981.tsv";67;FALSE
"523";"HIP13983.tsv";94;FALSE
"524";"HIP13986.tsv";48;TRUE
"525";"HIP13987.tsv";113;TRUE
"526";"HIP13988.tsv";50;TRUE
"527";"HIP13989.tsv";57;FALSE
"528";"HIP13992.tsv";42;TRUE
"529";"HIP13994.tsv";97;TRUE
"530";"HIP13996.tsv";111;TRUE
"531";"HIP14000.tsv";253;FALSE
"532";"HIP14004.tsv";88;FALSE
"533";"HIP14007.tsv";14;FALSE
"534";"HIP14009.tsv";45;TRUE
"535";"HIP14014.tsv";66;FALSE
"536";"HIP14015.tsv";50;FALSE
"537";"HIP14016.tsv";70;TRUE
"538";"HIP14018.tsv";105;FALSE
"539";"HIP14020.tsv";80;FALSE
"540";"HIP14022.tsv";95;TRUE
"541";"HIP14024.tsv";23;TRUE
"542";"HIP14028.tsv";70;FALSE
"543";"HIP14030.tsv";113;FALSE
"544";"HIP14034.tsv";104;TRUE
"545";"HIP14036.tsv";78;FALSE
"546";"HIP14037.tsv";53;FALSE
"547";"HIP14039.tsv";71;FALSE
"548";"HIP14041.tsv";181;TRUE
"549";"HIP14043.tsv";92;FALSE
"550";"HIP14045.tsv";103;TRUE
"551";"HIP14048.tsv";119;FALSE
"552";"HIP14051.tsv";42;TRUE
"553";"HIP14053.tsv";109;TRUE
"554";"HIP14055.tsv";86;FALSE
"555";"HIP14059.tsv";118;FALSE
"556";"HIP14060.tsv";65;TRUE
"557";"HIP14064.tsv";142;FALSE
"558";"HIP14066.tsv";41;FALSE
"559";"HIP14071.tsv";37;TRUE
"560";"HIP14072.tsv";59;FALSE
"561";"HIP14074.tsv";145;FALSE
"562";"HIP14077.tsv";138;FALSE
"563";"HIP14079.tsv";150;FALSE
"564";"HIP14080.tsv";43;FALSE
"565";"HIP14089.tsv";69;FALSE
"566";"HIP14090.tsv";63;FALSE
"567";"HIP14092.tsv";110;TRUE
"568";"HIP14095.tsv";121;FALSE
"569";"HIP14096.tsv";66;TRUE
"570";"HIP14103.tsv";125;TRUE
"571";"HIP14106.tsv";4;TRUE
"572";"HIP14107.tsv";37;TRUE
"573";"HIP14109.tsv";184;FALSE
"574";"HIP14110.tsv";8;FALSE
"575";"HIP14114.tsv";39;FALSE
"576";"HIP14118.tsv";112;TRUE
"577";"HIP14121.tsv";80;FALSE
"578";"HIP14124.tsv";165;TRUE
"579";"HIP14127.tsv";46;FALSE
"580";"HIP14129.tsv";173;FALSE
"581";"HIP14130.tsv";86;FALSE
"582";"HIP14134.tsv";77;FALSE
"583";"HIP14136.tsv";93;TRUE
"584";"HIP14138.tsv";139;FALSE
"585";"HIP14140.tsv";43;FALSE
"586";"HIP14142.tsv";62;TRUE
"587";"HIP14143.tsv";51;FALSE
"588";"HIP14148.tsv";102;TRUE
"589";"HIP14152.tsv";25;TRUE
"590";"HIP14153.tsv";108;FALSE
"591";"HIP14156.tsv";71;FALSE
"592";"HIP14157.tsv";103;TRUE
"593";"HIP14160.tsv";63;FALSE
"594";"HIP14161.tsv";127;TRUE
"595";"HIP14170.tsv";45;FALSE
"596";"HIP14172.tsv";149;FALSE
"597";"HIP14174.tsv";137;FALSE
"598";"HIP14175.tsv";121;TRUE
"599";"HIP14176.tsv";64;FALSE
"600";"HIP14178.tsv";81;FALSE
"601";"HIP14181.tsv";143;TRUE
"602";"HIP14183.tsv";32;TRUE
"603";"HIP14184.tsv";54;FALSE
"604";"HIP14187.tsv";92;TRUE
"605";"HIP14192.tsv";90;FALSE
"606";"HIP14194.tsv";198;TRUE
"607";"HIP14196.tsv";78;FALSE
"608";"HIP14202.tsv";59;FALSE
"609";"HIP14205.tsv";69;TRUE
"610";"HIP14206.tsv";120;FALSE
"611";"HIP14209.tsv";55;FALSE
"612";"HIP14211.tsv";85;FALSE
"613";"HIP14213.tsv";96;FALSE
"614";"HIP14214.tsv";104;FALSE
"615";"HIP14217.tsv";108;FALSE
"616";"HIP14218.tsv";159;FALSE
"617";"HIP14221.tsv";143;TRUE
"618";"HIP14223.tsv";60;TRUE
"619";"HIP14226.tsv";86;FALSE
"620";"HIP14227.tsv";106;TRUE
"621";"HIP14230.tsv";64;FALSE
"622";"HIP14231.tsv";74;TRUE
"623";"HIP14234.tsv";82;FALSE
"624";"HIP14236.tsv";56;TRUE
"625";"HIP14237.tsv";45;FALSE
"626";"HIP14238.tsv";162;FALSE
"627";"HIP14240.tsv";81;FALSE
"628";"HIP14241.tsv";56;FALSE
"629";"HIP14243.tsv";139;FALSE
"630";"HIP14244.tsv";44;TRUE
"631";"HIP14361.tsv";45;TRUE
"632";"HIP14363.tsv";87;FALSE
"633";"HIP14494.tsv";128;FALSE
"634";"HIP14844.tsv";54;FALSE
"635";"HIP14911.tsv";127;FALSE
"636";"HIP15685.tsv";48;TRUE
"637";"HIP15854.tsv";87;TRUE
"638";"HIP15855.tsv";120;FALSE
"639";"HIP15860.tsv";39;FALSE
"640";"HIP15861.tsv";55;TRUE
"641";"HIP16515.tsv";68;TRUE
"642";"HIP16738.tsv";93;FALSE
"643";"HIP16867.tsv";134;TRUE
"644";"HIP17370.tsv";23;TRUE
"645";"HIP17440.tsv";79;FALSE
"646";"HIP17445.tsv";119;FALSE
"647";"HIP17449.tsv";73;FALSE
"648";"HIP17454.tsv";95;FALSE
"649";"HIP17457.tsv";96;FALSE
"650";"HIP17462.tsv";93;TRUE
"651";"HIP17534.tsv";102;TRUE
"652";"HIP17577.tsv";113;TRUE
"653";"HIP17585.tsv";117;FALSE
"654";"HIP17657.tsv";73;FALSE
"655";"HIP17698.tsv";60;FALSE
"656";"HIP17723.tsv";109;TRUE
"657";"HIP17737.tsv";43;FALSE
"658";"HIP17760.tsv";69;TRUE
"659";"HIP17793.tsv";109;FALSE
"660";"HIP17837.tsv";104;TRUE
"661";"HIP17845.tsv";58;TRUE
"662";"HIP17887.tsv";112;FALSE
"663";"HIP19048.tsv";25;FALSE
"664";"HIP19089.tsv";29;FALSE
"665";"HIP19716.tsv";33;FALSE
"666";"HIP19717.tsv";81;TRUE
"667";"Keck0001_MC1.tsv";48;FALSE
"668";"Keck0002_MC1.tsv";57;FALSE
"669";"Keck0003_MC1.tsv";76;FALSE
"670";"Keck0004_MC1.tsv";74;FALSE
"671";"Keck0005_MC1.tsv";68;FALSE
"672";"Keck0006_MC1.tsv";48;FALSE
"673";"Keck0007_MC1.tsv";35;FALSE
"674";"Keck0008_MC1.tsv";51;FALSE
"675";"Keck0009_MC1.tsv";66;FALSE
"676";"Keck0010_MC1.tsv";53;FALSE
"677";"Keck0011_MC1.tsv";34;FALSE
"678";"Keck0012_MC1.tsv";38;FALSE
"679";"Keck0013_MC1.tsv";58;FALSE
"680";"Keck0014_MC1.tsv";47;FALSE
"681";"Keck0015_MC1.tsv";25;FALSE
"682";"Keck0016_MC1.tsv";63;FALSE
"683";"Keck0017_MC1.tsv";33;FALSE
"684";"Keck0018_MC1.tsv";50;FALSE
"685";"Keck0019_MC1.tsv";59;FALSE
"686";"Keck0020_MC1.tsv";22;FALSE
"687";"Keck0021_MC1.tsv";142;FALSE
"688";"Keck0022_MC1.tsv";40;FALSE
"689";"Keck0023_MC1.tsv";49;FALSE
"690";"Keck0024_MC1.tsv";26;FALSE
"691";"Keck0025_MC1.tsv";40;FALSE
"692";"Keck0026_MC1.tsv";24;FALSE
"693";"Keck0027_MC1.tsv";18;FALSE
"694";"Keck0028_MC1.tsv";18;FALSE
"695";"Keck0029_MC1.tsv";56;FALSE
"696";"Keck0030_MC1.tsv";42;FALSE
"697";"Keck0031_MC1.tsv";91;FALSE
"698";"Keck0032_MC1.tsv";59;FALSE
"699";"Keck0033_MC1.tsv";37;FALSE
"700";"Keck0034_MC1.tsv";76;FALSE
"701";"Keck0035_MC1.tsv";43;FALSE
"702";"Keck0036_MC1.tsv";57;FALSE
"703";"Keck0037_MC1.tsv";71;FALSE
"704";"Keck0038_MC1.tsv";42;FALSE
"705";"Keck0039_MC1.tsv";35;FALSE
"706";"Keck0040_MC1.tsv";51;FALSE
"707";"Keck0041_MC1.tsv";42;FALSE
"708";"Keck0042_MC1.tsv";29;FALSE
"709";"Keck0043_MC1.tsv";48;FALSE
"710";"Keck0044_MC1.tsv";38;FALSE
"711";"Keck0045_MC1.tsv";28;FALSE
"712";"Keck0046_MC1.tsv";48;FALSE
"713";"Keck0047_MC1.tsv";45;FALSE
"714";"Keck0048_MC1.tsv";66;FALSE
"715";"Keck0049_MC1.tsv";61;FALSE
"716";"Keck0050_MC1.tsv";30;FALSE
"717";"Keck0051_MC1.tsv";29;FALSE
"718";"Keck0052_MC1.tsv";15;FALSE
"719";"Keck0053_MC1.tsv";53;FALSE
"720";"Keck0054_MC1.tsv";92;FALSE
"721";"Keck0055_MC1.tsv";184;FALSE
"722";"Keck0056_MC1.tsv";146;FALSE
"723";"Keck0057_MC1.tsv";155;FALSE
"724";"Keck0058_MC1.tsv";77;FALSE
"725";"Keck0059_MC1.tsv";85;FALSE
"726";"Keck0060_MC1.tsv";105;FALSE
"727";"Keck0061_MC1.tsv";109;FALSE
"728";"Keck0062_MC1.tsv";118;FALSE
"729";"Keck0063_MC1.tsv";53;FALSE
"730";"Keck0064_MC1.tsv";94;FALSE
"731";"Keck0065_MC1.tsv";64;FALSE
"732";"Keck0066_MC1.tsv";68;FALSE
"733";"Keck0067_MC1.tsv";65;FALSE
"734";"Keck0068_MC1.tsv";101;FALSE
"735";"Keck0069_MC1.tsv";229;FALSE
"736";"Keck0070_MC1.tsv";188;FALSE
"737";"Keck0071_MC1.tsv";152;FALSE
"738";"Keck0072_MC1.tsv";119;FALSE
"739";"Keck0073_MC1.tsv";84;FALSE
"740";"Keck0074_MC1.tsv";108;FALSE
"741";"Keck0075_MC1.tsv";99;FALSE
"742";"Keck0076_MC1.tsv";80;FALSE
"743";"Keck0077_MC1.tsv";87;FALSE
"744";"Keck0078_MC1.tsv";126;FALSE
"745";"Keck0079_MC1.tsv";116;FALSE
"746";"Keck0080_MC1.tsv";228;FALSE
"747";"Keck0081_MC1.tsv";121;FALSE
"748";"Keck0082_MC1.tsv";100;FALSE
"749";"Keck0083_MC1.tsv";123;FALSE
"750";"Keck0084_MC1.tsv";80;FALSE
"751";"Keck0085_MC1.tsv";105;FALSE
"752";"Keck0086_MC1.tsv";83;FALSE
"753";"Keck0087_MC1.tsv";129;FALSE
"754";"Keck0088_MC1.tsv";81;FALSE
"755";"Keck0089_MC1.tsv";88;FALSE
"756";"Keck0090_MC1.tsv";124;FALSE
"757";"Keck0091_MC1.tsv";140;FALSE
"758";"Keck0092_MC1.tsv";124;FALSE
"759";"Keck0093_MC1.tsv";245;FALSE
"760";"Keck0094_MC1.tsv";136;FALSE
"761";"Keck0095_MC1.tsv";332;FALSE
"762";"Keck0096_MC1.tsv";172;FALSE
"763";"Keck0097_MC1.tsv";163;FALSE
"764";"Keck0098_MC1.tsv";92;FALSE
"765";"Keck0099_MC1.tsv";141;FALSE
"766";"Keck0100_MC1.tsv";97;FALSE
"767";"Keck0101_MC1.tsv";112;FALSE
"768";"Keck0102_MC1.tsv";66;FALSE
"769";"Keck0103_MC1.tsv";93;FALSE
"770";"Keck0104_MC1.tsv";179;FALSE
"771";"Keck0105_MC1.tsv";177;FALSE
"772";"Keck0106_MC1.tsv";93;FALSE
"773";"Keck0107_MC1.tsv";161;FALSE
"774";"Keck0108_MC1.tsv";98;FALSE
"775";"Keck0109_MC1.tsv";71;FALSE
"776";"Keck0110_MC1.tsv";78;FALSE
"777";"Keck0111_MC1.tsv";109;FALSE
"778";"Keck0112_MC1.tsv";95;FALSE
"779";"Keck0113_MC1.tsv";163;FALSE
"780";"Keck0114_MC1.tsv";288;FALSE
"781";"Keck0115_MC1.tsv";134;FALSE
"782";"Keck0116_MC1.tsv";106;FALSE
"783";"Keck0117_MC1.tsv";160;FALSE
"784";"Keck0118_MC1.tsv";102;FALSE
"785";"Keck0119_MC1.tsv";132;FALSE
"786";"Keck0120_MC1.tsv";186;FALSE
