"";"sample";"count";"analysis"
"1";"HIP00110.tsv";134;FALSE
"2";"HIP00169.tsv";112;FALSE
"3";"HIP00594.tsv";223;TRUE
"4";"HIP00602.tsv";186;FALSE
"5";"HIP00614.tsv";78;FALSE
"6";"HIP00640.tsv";228;FALSE
"7";"HIP00707.tsv";218;TRUE
"8";"HIP00710.tsv";65;FALSE
"9";"HIP00715.tsv";279;FALSE
"10";"HIP00728.tsv";94;FALSE
"11";"HIP00734.tsv";99;FALSE
"12";"HIP00761.tsv";144;TRUE
"13";"HIP00769.tsv";377;FALSE
"14";"HIP00771.tsv";467;FALSE
"15";"HIP00773.tsv";313;FALSE
"16";"HIP00775.tsv";239;TRUE
"17";"HIP00777.tsv";303;TRUE
"18";"HIP00779.tsv";167;FALSE
"19";"HIP00805.tsv";412;FALSE
"20";"HIP00813.tsv";90;TRUE
"21";"HIP00819.tsv";221;FALSE
"22";"HIP00822.tsv";172;FALSE
"23";"HIP00825.tsv";289;FALSE
"24";"HIP00826.tsv";232;FALSE
"25";"HIP00832.tsv";242;FALSE
"26";"HIP00838.tsv";329;TRUE
"27";"HIP00851.tsv";327;TRUE
"28";"HIP00869.tsv";275;FALSE
"29";"HIP00898.tsv";300;TRUE
"30";"HIP00904.tsv";233;FALSE
"31";"HIP00924.tsv";296;TRUE
"32";"HIP00926.tsv";282;FALSE
"33";"HIP00934.tsv";221;FALSE
"34";"HIP00951.tsv";66;TRUE
"35";"HIP00971.tsv";415;TRUE
"36";"HIP00985.tsv";343;TRUE
"37";"HIP00997.tsv";244;FALSE
"38";"HIP00999.tsv";230;FALSE
"39";"HIP01004.tsv";397;FALSE
"40";"HIP01022.tsv";217;FALSE
"41";"HIP01055.tsv";39;FALSE
"42";"HIP01091.tsv";251;TRUE
"43";"HIP01129.tsv";191;FALSE
"44";"HIP01140.tsv";250;FALSE
"45";"HIP01160.tsv";148;FALSE
"46";"HIP01161.tsv";125;FALSE
"47";"HIP01162.tsv";402;FALSE
"48";"HIP01180.tsv";230;FALSE
"49";"HIP01181.tsv";64;TRUE
"50";"HIP01197.tsv";277;FALSE
"51";"HIP01206.tsv";93;FALSE
"52";"HIP01218.tsv";216;FALSE
"53";"HIP01219.tsv";229;TRUE
"54";"HIP01220.tsv";173;TRUE
"55";"HIP01223.tsv";347;TRUE
"56";"HIP01232.tsv";126;TRUE
"57";"HIP01253.tsv";192;FALSE
"58";"HIP01255.tsv";311;TRUE
"59";"HIP01264.tsv";270;FALSE
"60";"HIP01266.tsv";273;FALSE
"61";"HIP01298.tsv";207;FALSE
"62";"HIP01313.tsv";368;FALSE
"63";"HIP01359.tsv";182;FALSE
"64";"HIP01384.tsv";144;TRUE
"65";"HIP01391.tsv";142;FALSE
"66";"HIP01392.tsv";144;FALSE
"67";"HIP01393.tsv";387;FALSE
"68";"HIP01465.tsv";271;TRUE
"69";"HIP01470.tsv";295;TRUE
"70";"HIP01499.tsv";127;FALSE
"71";"HIP01501.tsv";40;TRUE
"72";"HIP01571.tsv";204;FALSE
"73";"HIP01582.tsv";107;FALSE
"74";"HIP01596.tsv";246;FALSE
"75";"HIP01597.tsv";213;FALSE
"76";"HIP01765.tsv";79;TRUE
"77";"HIP01795.tsv";157;FALSE
"78";"HIP01797.tsv";190;FALSE
"79";"HIP01798.tsv";199;FALSE
"80";"HIP01805.tsv";266;FALSE
"81";"HIP01820.tsv";166;FALSE
"82";"HIP01850.tsv";179;TRUE
"83";"HIP01856.tsv";124;TRUE
"84";"HIP01865.tsv";77;TRUE
"85";"HIP01867.tsv";251;FALSE
"86";"HIP01870.tsv";219;FALSE
"87";"HIP01947.tsv";234;TRUE
"88";"HIP02024.tsv";332;TRUE
"89";"HIP02078.tsv";270;TRUE
"90";"HIP02090.tsv";228;FALSE
"91";"HIP02103.tsv";282;FALSE
"92";"HIP02112.tsv";361;FALSE
"93";"HIP02126.tsv";344;TRUE
"94";"HIP02271.tsv";291;TRUE
"95";"HIP02663.tsv";174;TRUE
"96";"HIP02734.tsv";170;FALSE
"97";"HIP02737.tsv";362;FALSE
"98";"HIP02742.tsv";67;FALSE
"99";"HIP02780.tsv";195;FALSE
"100";"HIP02790.tsv";149;TRUE
"101";"HIP02805.tsv";327;FALSE
"102";"HIP02811.tsv";280;FALSE
"103";"HIP02820.tsv";238;FALSE
"104";"HIP02848.tsv";31;FALSE
"105";"HIP02855.tsv";552;FALSE
"106";"HIP02873.tsv";283;TRUE
"107";"HIP02875.tsv";200;FALSE
"108";"HIP02877.tsv";82;FALSE
"109";"HIP02928.tsv";259;TRUE
"110";"HIP02931.tsv";166;FALSE
"111";"HIP02947.tsv";316;TRUE
"112";"HIP02962.tsv";196;TRUE
"113";"HIP02997.tsv";144;TRUE
"114";"HIP03004.tsv";383;FALSE
"115";"HIP03099.tsv";184;FALSE
"116";"HIP03107.tsv";67;FALSE
"117";"HIP03111.tsv";150;FALSE
"118";"HIP03125.tsv";300;FALSE
"119";"HIP03184.tsv";76;FALSE
"120";"HIP03194.tsv";104;TRUE
"121";"HIP03197.tsv";224;FALSE
"122";"HIP03216.tsv";174;TRUE
"123";"HIP03228.tsv";435;FALSE
"124";"HIP03233.tsv";253;TRUE
"125";"HIP03236.tsv";337;FALSE
"126";"HIP03275.tsv";307;TRUE
"127";"HIP03370.tsv";264;TRUE
"128";"HIP03378.tsv";314;TRUE
"129";"HIP03381.tsv";111;TRUE
"130";"HIP03383.tsv";199;FALSE
"131";"HIP03385.tsv";165;FALSE
"132";"HIP03484.tsv";149;FALSE
"133";"HIP03494.tsv";276;FALSE
"134";"HIP03495.tsv";383;TRUE
"135";"HIP03502.tsv";364;FALSE
"136";"HIP03505.tsv";169;FALSE
"137";"HIP03511.tsv";218;TRUE
"138";"HIP03591.tsv";118;FALSE
"139";"HIP03592.tsv";401;FALSE
"140";"HIP03597.tsv";445;FALSE
"141";"HIP03618.tsv";217;TRUE
"142";"HIP03628.tsv";187;TRUE
"143";"HIP03630.tsv";190;TRUE
"144";"HIP03651.tsv";294;FALSE
"145";"HIP03677.tsv";463;TRUE
"146";"HIP03678.tsv";116;FALSE
"147";"HIP03685.tsv";75;FALSE
"148";"HIP03693.tsv";403;FALSE
"149";"HIP03695.tsv";164;TRUE
"150";"HIP03720.tsv";156;TRUE
"151";"HIP03732.tsv";210;FALSE
"152";"HIP03746.tsv";303;FALSE
"153";"HIP03807.tsv";219;TRUE
"154";"HIP03812.tsv";325;FALSE
"155";"HIP03814.tsv";344;FALSE
"156";"HIP04455.tsv";77;TRUE
"157";"HIP04464.tsv";114;TRUE
"158";"HIP04471.tsv";197;FALSE
"159";"HIP04475.tsv";306;TRUE
"160";"HIP04480.tsv";165;FALSE
"161";"HIP04498.tsv";347;FALSE
"162";"HIP04509.tsv";122;TRUE
"163";"HIP04510.tsv";87;TRUE
"164";"HIP04511.tsv";137;TRUE
"165";"HIP04527.tsv";135;TRUE
"166";"HIP04532.tsv";311;FALSE
"167";"HIP04545.tsv";187;FALSE
"168";"HIP04552.tsv";348;FALSE
"169";"HIP04555.tsv";259;TRUE
"170";"HIP04576.tsv";193;FALSE
"171";"HIP04578.tsv";238;TRUE
"172";"HIP04597.tsv";324;FALSE
"173";"HIP04605.tsv";338;TRUE
"174";"HIP04611.tsv";323;FALSE
"175";"HIP04634.tsv";256;TRUE
"176";"HIP04958.tsv";18;FALSE
"177";"HIP05311.tsv";163;TRUE
"178";"HIP05331.tsv";139;TRUE
"179";"HIP05377.tsv";233;FALSE
"180";"HIP05388.tsv";457;FALSE
"181";"HIP05390.tsv";530;FALSE
"182";"HIP05398.tsv";156;FALSE
"183";"HIP05405.tsv";350;TRUE
"184";"HIP05409.tsv";253;FALSE
"185";"HIP05434.tsv";185;TRUE
"186";"HIP05437.tsv";340;TRUE
"187";"HIP05444.tsv";560;FALSE
"188";"HIP05455.tsv";140;TRUE
"189";"HIP05460.tsv";72;TRUE
"190";"HIP05467.tsv";60;TRUE
"191";"HIP05524.tsv";61;FALSE
"192";"HIP05533.tsv";380;FALSE
"193";"HIP05535.tsv";342;TRUE
"194";"HIP05540.tsv";236;FALSE
"195";"HIP05551.tsv";264;TRUE
"196";"HIP05552.tsv";280;FALSE
"197";"HIP05559.tsv";220;TRUE
"198";"HIP05561.tsv";193;FALSE
"199";"HIP05563.tsv";109;TRUE
"200";"HIP05574.tsv";245;FALSE
"201";"HIP05578.tsv";267;FALSE
"202";"HIP05590.tsv";49;TRUE
"203";"HIP05595.tsv";94;TRUE
"204";"HIP05665.tsv";85;FALSE
"205";"HIP05757.tsv";95;FALSE
"206";"HIP05763.tsv";1;FALSE
"207";"HIP05815.tsv";183;TRUE
"208";"HIP05817.tsv";285;FALSE
"209";"HIP05832.tsv";103;TRUE
"210";"HIP05838.tsv";261;FALSE
"211";"HIP05841.tsv";264;TRUE
"212";"HIP05934.tsv";61;FALSE
"213";"HIP05941.tsv";215;FALSE
"214";"HIP05942.tsv";308;TRUE
"215";"HIP05948.tsv";91;FALSE
"216";"HIP05960.tsv";262;TRUE
"217";"HIP06191.tsv";146;FALSE
"218";"HIP07754.tsv";276;FALSE
"219";"HIP08076.tsv";417;FALSE
"220";"HIP08200.tsv";123;FALSE
"221";"HIP08223.tsv";193;FALSE
"222";"HIP08230.tsv";238;FALSE
"223";"HIP08236.tsv";465;FALSE
"224";"HIP08305.tsv";287;TRUE
"225";"HIP08337.tsv";162;TRUE
"226";"HIP08339.tsv";281;FALSE
"227";"HIP08345.tsv";277;FALSE
"228";"HIP08346.tsv";335;FALSE
"229";"HIP08389.tsv";250;FALSE
"230";"HIP08399.tsv";290;FALSE
"231";"HIP08400.tsv";239;TRUE
"232";"HIP08439.tsv";350;FALSE
"233";"HIP08499.tsv";453;TRUE
"234";"HIP08507.tsv";304;FALSE
"235";"HIP08521.tsv";325;TRUE
"236";"HIP08596.tsv";97;TRUE
"237";"HIP08598.tsv";450;TRUE
"238";"HIP08653.tsv";415;TRUE
"239";"HIP08702.tsv";359;TRUE
"240";"HIP08710.tsv";180;FALSE
"241";"HIP08711.tsv";273;FALSE
"242";"HIP08725.tsv";161;TRUE
"243";"HIP08792.tsv";320;TRUE
"244";"HIP08805.tsv";346;FALSE
"245";"HIP08816.tsv";366;FALSE
"246";"HIP08821.tsv";125;TRUE
"247";"HIP08827.tsv";157;TRUE
"248";"HIP08888.tsv";372;FALSE
"249";"HIP08890.tsv";225;TRUE
"250";"HIP08972.tsv";160;FALSE
"251";"HIP08977.tsv";287;FALSE
"252";"HIP08986.tsv";197;TRUE
"253";"HIP08989.tsv";326;FALSE
"254";"HIP09001.tsv";344;FALSE
"255";"HIP09020.tsv";194;TRUE
"256";"HIP09022.tsv";380;TRUE
"257";"HIP09026.tsv";255;TRUE
"258";"HIP09029.tsv";369;FALSE
"259";"HIP09041.tsv";164;FALSE
"260";"HIP09046.tsv";187;FALSE
"261";"HIP09051.tsv";148;TRUE
"262";"HIP09062.tsv";296;TRUE
"263";"HIP09097.tsv";227;FALSE
"264";"HIP09118.tsv";299;FALSE
"265";"HIP09119.tsv";149;TRUE
"266";"HIP09122.tsv";296;TRUE
"267";"HIP09150.tsv";170;TRUE
"268";"HIP09159.tsv";90;FALSE
"269";"HIP09190.tsv";173;TRUE
"270";"HIP09235.tsv";305;TRUE
"271";"HIP09253.tsv";385;FALSE
"272";"HIP09284.tsv";157;FALSE
"273";"HIP09344.tsv";229;FALSE
"274";"HIP09364.tsv";279;TRUE
"275";"HIP09365.tsv";279;TRUE
"276";"HIP09366.tsv";42;TRUE
"277";"HIP09430.tsv";268;TRUE
"278";"HIP09559.tsv";349;FALSE
"279";"HIP09624.tsv";147;TRUE
"280";"HIP09681.tsv";94;TRUE
"281";"HIP09775.tsv";178;TRUE
"282";"HIP09789.tsv";342;TRUE
"283";"HIP10358.tsv";260;FALSE
"284";"HIP10376.tsv";107;FALSE
"285";"HIP10377.tsv";556;TRUE
"286";"HIP10389.tsv";287;FALSE
"287";"HIP10408.tsv";372;TRUE
"288";"HIP10424.tsv";84;TRUE
"289";"HIP10443.tsv";243;TRUE
"290";"HIP10445.tsv";143;FALSE
"291";"HIP10447.tsv";190;FALSE
"292";"HIP10480.tsv";231;TRUE
"293";"HIP10507.tsv";250;TRUE
"294";"HIP10514.tsv";311;FALSE
"295";"HIP10545.tsv";79;FALSE
"296";"HIP10564.tsv";266;FALSE
"297";"HIP10568.tsv";228;TRUE
"298";"HIP10597.tsv";168;FALSE
"299";"HIP10602.tsv";236;FALSE
"300";"HIP10639.tsv";255;FALSE
"301";"HIP10669.tsv";363;TRUE
"302";"HIP10694.tsv";73;FALSE
"303";"HIP10716.tsv";586;TRUE
"304";"HIP10726.tsv";277;FALSE
"305";"HIP10730.tsv";219;FALSE
"306";"HIP10746.tsv";106;FALSE
"307";"HIP10759.tsv";154;FALSE
"308";"HIP10787.tsv";135;TRUE
"309";"HIP10814.tsv";433;TRUE
"310";"HIP10815.tsv";69;FALSE
"311";"HIP10817.tsv";92;TRUE
"312";"HIP10820.tsv";361;FALSE
"313";"HIP10821.tsv";344;FALSE
"314";"HIP10823.tsv";173;FALSE
"315";"HIP10846.tsv";395;FALSE
"316";"HIP11058.tsv";284;FALSE
"317";"HIP11513.tsv";407;TRUE
"318";"HIP11518.tsv";273;TRUE
"319";"HIP11553.tsv";148;FALSE
"320";"HIP11613.tsv";236;TRUE
"321";"HIP11649.tsv";303;TRUE
"322";"HIP11711.tsv";127;TRUE
"323";"HIP11717.tsv";156;TRUE
"324";"HIP11758.tsv";270;TRUE
"325";"HIP11774.tsv";165;TRUE
"326";"HIP11784.tsv";103;TRUE
"327";"HIP11845.tsv";168;FALSE
"328";"HIP11857.tsv";242;TRUE
"329";"HIP11937.tsv";357;TRUE
"330";"HIP11989.tsv";310;TRUE
"331";"HIP12034.tsv";475;FALSE
"332";"HIP12088.tsv";373;FALSE
"333";"HIP12091.tsv";102;FALSE
"334";"HIP12097.tsv";201;TRUE
"335";"HIP12099.tsv";163;TRUE
"336";"HIP12123.tsv";165;TRUE
"337";"HIP12129.tsv";178;FALSE
"338";"HIP12143.tsv";267;FALSE
"339";"HIP12165.tsv";90;TRUE
"340";"HIP12527.tsv";189;FALSE
"341";"HIP12533.tsv";498;FALSE
"342";"HIP12534.tsv";121;TRUE
"343";"HIP12538.tsv";231;FALSE
"344";"HIP12703.tsv";395;TRUE
"345";"HIP12743.tsv";71;TRUE
"346";"HIP12900.tsv";214;TRUE
"347";"HIP12980.tsv";326;TRUE
"348";"HIP13015.tsv";447;FALSE
"349";"HIP13122.tsv";232;FALSE
"350";"HIP13142.tsv";404;FALSE
"351";"HIP13157.tsv";164;TRUE
"352";"HIP13168.tsv";138;FALSE
"353";"HIP13176.tsv";358;TRUE
"354";"HIP13178.tsv";155;FALSE
"355";"HIP13183.tsv";248;FALSE
"356";"HIP13185.tsv";275;FALSE
"357";"HIP13193.tsv";74;FALSE
"358";"HIP13198.tsv";149;FALSE
"359";"HIP13206.tsv";80;FALSE
"360";"HIP13209.tsv";191;FALSE
"361";"HIP13214.tsv";195;TRUE
"362";"HIP13217.tsv";167;TRUE
"363";"HIP13220.tsv";98;TRUE
"364";"HIP13227.tsv";143;TRUE
"365";"HIP13228.tsv";435;FALSE
"366";"HIP13230.tsv";71;TRUE
"367";"HIP13233.tsv";218;TRUE
"368";"HIP13244.tsv";274;FALSE
"369";"HIP13245.tsv";258;TRUE
"370";"HIP13251.tsv";189;FALSE
"371";"HIP13252.tsv";326;FALSE
"372";"HIP13256.tsv";258;FALSE
"373";"HIP13263.tsv";216;FALSE
"374";"HIP13265.tsv";389;FALSE
"375";"HIP13274.tsv";428;FALSE
"376";"HIP13276.tsv";195;FALSE
"377";"HIP13284.tsv";96;FALSE
"378";"HIP13291.tsv";322;TRUE
"379";"HIP13294.tsv";241;FALSE
"380";"HIP13296.tsv";118;TRUE
"381";"HIP13303.tsv";296;FALSE
"382";"HIP13306.tsv";221;TRUE
"383";"HIP13309.tsv";429;TRUE
"384";"HIP13311.tsv";130;TRUE
"385";"HIP13318.tsv";127;TRUE
"386";"HIP13319.tsv";131;FALSE
"387";"HIP13324.tsv";257;TRUE
"388";"HIP13325.tsv";437;TRUE
"389";"HIP13350.tsv";196;FALSE
"390";"HIP13352.tsv";448;TRUE
"391";"HIP13355.tsv";276;TRUE
"392";"HIP13360.tsv";218;TRUE
"393";"HIP13361.tsv";176;TRUE
"394";"HIP13363.tsv";213;FALSE
"395";"HIP13370.tsv";264;FALSE
"396";"HIP13376.tsv";326;FALSE
"397";"HIP13383.tsv";196;FALSE
"398";"HIP13396.tsv";473;TRUE
"399";"HIP13402.tsv";72;FALSE
"400";"HIP13414.tsv";193;TRUE
"401";"HIP13427.tsv";472;TRUE
"402";"HIP13449.tsv";206;TRUE
"403";"HIP13463.tsv";349;FALSE
"404";"HIP13465.tsv";53;FALSE
"405";"HIP13473.tsv";316;FALSE
"406";"HIP13478.tsv";158;TRUE
"407";"HIP13489.tsv";191;TRUE
"408";"HIP13497.tsv";277;FALSE
"409";"HIP13505.tsv";37;FALSE
"410";"HIP13511.tsv";271;FALSE
"411";"HIP13513.tsv";229;TRUE
"412";"HIP13515.tsv";203;TRUE
"413";"HIP13518.tsv";175;TRUE
"414";"HIP13554.tsv";233;TRUE
"415";"HIP13567.tsv";135;FALSE
"416";"HIP13592.tsv";298;FALSE
"417";"HIP13610.tsv";195;TRUE
"418";"HIP13625.tsv";76;FALSE
"419";"HIP13627.tsv";189;TRUE
"420";"HIP13636.tsv";361;TRUE
"421";"HIP13654.tsv";287;TRUE
"422";"HIP13658.tsv";244;FALSE
"423";"HIP13661.tsv";241;FALSE
"424";"HIP13663.tsv";295;FALSE
"425";"HIP13667.tsv";119;TRUE
"426";"HIP13671.tsv";232;TRUE
"427";"HIP13686.tsv";231;FALSE
"428";"HIP13695.tsv";87;FALSE
"429";"HIP13699.tsv";294;TRUE
"430";"HIP13703.tsv";86;TRUE
"431";"HIP13709.tsv";536;FALSE
"432";"HIP13710.tsv";246;FALSE
"433";"HIP13720.tsv";209;FALSE
"434";"HIP13722.tsv";138;FALSE
"435";"HIP13736.tsv";185;FALSE
"436";"HIP13741.tsv";346;FALSE
"437";"HIP13746.tsv";132;FALSE
"438";"HIP13749.tsv";250;FALSE
"439";"HIP13751.tsv";239;TRUE
"440";"HIP13753.tsv";2;TRUE
"441";"HIP13754.tsv";259;FALSE
"442";"HIP13757.tsv";307;FALSE
"443";"HIP13760.tsv";77;FALSE
"444";"HIP13764.tsv";360;FALSE
"445";"HIP13766.tsv";58;FALSE
"446";"HIP13769.tsv";238;FALSE
"447";"HIP13771.tsv";202;TRUE
"448";"HIP13773.tsv";256;TRUE
"449";"HIP13774.tsv";131;FALSE
"450";"HIP13777.tsv";265;FALSE
"451";"HIP13780.tsv";282;FALSE
"452";"HIP13782.tsv";68;TRUE
"453";"HIP13786.tsv";430;FALSE
"454";"HIP13789.tsv";192;TRUE
"455";"HIP13793.tsv";252;TRUE
"456";"HIP13794.tsv";169;FALSE
"457";"HIP13796.tsv";367;FALSE
"458";"HIP13800.tsv";64;TRUE
"459";"HIP13803.tsv";282;FALSE
"460";"HIP13806.tsv";153;FALSE
"461";"HIP13809.tsv";114;TRUE
"462";"HIP13810.tsv";97;FALSE
"463";"HIP13812.tsv";100;FALSE
"464";"HIP13814.tsv";207;TRUE
"465";"HIP13818.tsv";250;TRUE
"466";"HIP13822.tsv";349;TRUE
"467";"HIP13823.tsv";157;FALSE
"468";"HIP13831.tsv";136;TRUE
"469";"HIP13833.tsv";269;TRUE
"470";"HIP13847.tsv";91;FALSE
"471";"HIP13848.tsv";81;FALSE
"472";"HIP13852.tsv";162;TRUE
"473";"HIP13853.tsv";277;FALSE
"474";"HIP13854.tsv";61;FALSE
"475";"HIP13856.tsv";301;TRUE
"476";"HIP13857.tsv";71;FALSE
"477";"HIP13859.tsv";164;FALSE
"478";"HIP13860.tsv";166;FALSE
"479";"HIP13865.tsv";124;TRUE
"480";"HIP13869.tsv";157;TRUE
"481";"HIP13871.tsv";143;FALSE
"482";"HIP13875.tsv";90;TRUE
"483";"HIP13877.tsv";213;FALSE
"484";"HIP13880.tsv";231;TRUE
"485";"HIP13887.tsv";202;FALSE
"486";"HIP13893.tsv";348;FALSE
"487";"HIP13894.tsv";72;TRUE
"488";"HIP13900.tsv";116;TRUE
"489";"HIP13902.tsv";285;TRUE
"490";"HIP13903.tsv";192;TRUE
"491";"HIP13911.tsv";248;TRUE
"492";"HIP13916.tsv";127;FALSE
"493";"HIP13919.tsv";159;TRUE
"494";"HIP13920.tsv";205;FALSE
"495";"HIP13923.tsv";11;TRUE
"496";"HIP13926.tsv";574;TRUE
"497";"HIP13928.tsv";283;TRUE
"498";"HIP13929.tsv";229;FALSE
"499";"HIP13932.tsv";210;TRUE
"500";"HIP13933.tsv";119;FALSE
"501";"HIP13935.tsv";176;FALSE
"502";"HIP13938.tsv";173;TRUE
"503";"HIP13939.tsv";257;TRUE
"504";"HIP13941.tsv";313;FALSE
"505";"HIP13944.tsv";32;FALSE
"506";"HIP13945.tsv";72;FALSE
"507";"HIP13947.tsv";184;FALSE
"508";"HIP13949.tsv";168;TRUE
"509";"HIP13951.tsv";396;TRUE
"510";"HIP13954.tsv";303;TRUE
"511";"HIP13956.tsv";190;TRUE
"512";"HIP13958.tsv";371;FALSE
"513";"HIP13961.tsv";125;FALSE
"514";"HIP13962.tsv";57;TRUE
"515";"HIP13964.tsv";193;TRUE
"516";"HIP13966.tsv";262;FALSE
"517";"HIP13967.tsv";274;TRUE
"518";"HIP13972.tsv";95;FALSE
"519";"HIP13975.tsv";310;TRUE
"520";"HIP13976.tsv";143;TRUE
"521";"HIP13978.tsv";234;FALSE
"522";"HIP13981.tsv";221;FALSE
"523";"HIP13983.tsv";173;FALSE
"524";"HIP13986.tsv";189;TRUE
"525";"HIP13987.tsv";198;TRUE
"526";"HIP13988.tsv";176;TRUE
"527";"HIP13989.tsv";179;FALSE
"528";"HIP13992.tsv";102;TRUE
"529";"HIP13994.tsv";208;TRUE
"530";"HIP13996.tsv";354;TRUE
"531";"HIP14000.tsv";403;FALSE
"532";"HIP14004.tsv";303;FALSE
"533";"HIP14007.tsv";60;FALSE
"534";"HIP14009.tsv";173;TRUE
"535";"HIP14014.tsv";236;FALSE
"536";"HIP14015.tsv";139;FALSE
"537";"HIP14016.tsv";194;TRUE
"538";"HIP14018.tsv";342;FALSE
"539";"HIP14020.tsv";183;FALSE
"540";"HIP14022.tsv";428;TRUE
"541";"HIP14024.tsv";74;TRUE
"542";"HIP14028.tsv";107;FALSE
"543";"HIP14030.tsv";307;FALSE
"544";"HIP14034.tsv";225;TRUE
"545";"HIP14036.tsv";367;FALSE
"546";"HIP14037.tsv";207;FALSE
"547";"HIP14039.tsv";159;FALSE
"548";"HIP14041.tsv";358;TRUE
"549";"HIP14043.tsv";161;FALSE
"550";"HIP14045.tsv";209;TRUE
"551";"HIP14048.tsv";261;FALSE
"552";"HIP14051.tsv";227;TRUE
"553";"HIP14053.tsv";341;TRUE
"554";"HIP14055.tsv";211;FALSE
"555";"HIP14059.tsv";282;FALSE
"556";"HIP14060.tsv";164;TRUE
"557";"HIP14064.tsv";346;FALSE
"558";"HIP14066.tsv";135;FALSE
"559";"HIP14071.tsv";62;TRUE
"560";"HIP14072.tsv";170;FALSE
"561";"HIP14074.tsv";343;FALSE
"562";"HIP14077.tsv";245;FALSE
"563";"HIP14079.tsv";323;FALSE
"564";"HIP14080.tsv";79;FALSE
"565";"HIP14089.tsv";224;FALSE
"566";"HIP14090.tsv";120;FALSE
"567";"HIP14092.tsv";233;TRUE
"568";"HIP14095.tsv";352;FALSE
"569";"HIP14096.tsv";204;TRUE
"570";"HIP14103.tsv";269;TRUE
"571";"HIP14106.tsv";1;TRUE
"572";"HIP14107.tsv";88;TRUE
"573";"HIP14109.tsv";357;FALSE
"574";"HIP14110.tsv";22;FALSE
"575";"HIP14114.tsv";107;FALSE
"576";"HIP14118.tsv";329;TRUE
"577";"HIP14121.tsv";274;FALSE
"578";"HIP14124.tsv";312;TRUE
"579";"HIP14127.tsv";223;FALSE
"580";"HIP14129.tsv";381;FALSE
"581";"HIP14130.tsv";203;FALSE
"582";"HIP14134.tsv";195;FALSE
"583";"HIP14136.tsv";280;TRUE
"584";"HIP14138.tsv";215;FALSE
"585";"HIP14140.tsv";206;FALSE
"586";"HIP14142.tsv";152;TRUE
"587";"HIP14143.tsv";83;FALSE
"588";"HIP14148.tsv";272;TRUE
"589";"HIP14152.tsv";61;TRUE
"590";"HIP14153.tsv";311;FALSE
"591";"HIP14156.tsv";153;FALSE
"592";"HIP14157.tsv";255;TRUE
"593";"HIP14160.tsv";208;FALSE
"594";"HIP14161.tsv";333;TRUE
"595";"HIP14170.tsv";96;FALSE
"596";"HIP14172.tsv";229;FALSE
"597";"HIP14174.tsv";347;FALSE
"598";"HIP14175.tsv";270;TRUE
"599";"HIP14176.tsv";225;FALSE
"600";"HIP14178.tsv";167;FALSE
"601";"HIP14181.tsv";355;TRUE
"602";"HIP14183.tsv";69;TRUE
"603";"HIP14184.tsv";138;FALSE
"604";"HIP14187.tsv";316;TRUE
"605";"HIP14192.tsv";416;FALSE
"606";"HIP14194.tsv";397;TRUE
"607";"HIP14196.tsv";215;FALSE
"608";"HIP14202.tsv";178;FALSE
"609";"HIP14205.tsv";183;TRUE
"610";"HIP14206.tsv";423;FALSE
"611";"HIP14209.tsv";151;FALSE
"612";"HIP14211.tsv";194;FALSE
"613";"HIP14213.tsv";299;FALSE
"614";"HIP14214.tsv";267;FALSE
"615";"HIP14217.tsv";237;FALSE
"616";"HIP14218.tsv";313;FALSE
"617";"HIP14221.tsv";272;TRUE
"618";"HIP14223.tsv";144;TRUE
"619";"HIP14226.tsv";170;FALSE
"620";"HIP14227.tsv";305;TRUE
"621";"HIP14230.tsv";180;FALSE
"622";"HIP14231.tsv";236;TRUE
"623";"HIP14234.tsv";171;FALSE
"624";"HIP14236.tsv";115;TRUE
"625";"HIP14237.tsv";102;FALSE
"626";"HIP14238.tsv";276;FALSE
"627";"HIP14240.tsv";250;FALSE
"628";"HIP14241.tsv";113;FALSE
"629";"HIP14243.tsv";247;FALSE
"630";"HIP14244.tsv";151;TRUE
"631";"HIP14361.tsv";156;TRUE
"632";"HIP14363.tsv";265;FALSE
"633";"HIP14494.tsv";290;FALSE
"634";"HIP14844.tsv";92;FALSE
"635";"HIP14911.tsv";345;FALSE
"636";"HIP15685.tsv";252;TRUE
"637";"HIP15854.tsv";300;TRUE
"638";"HIP15855.tsv";281;FALSE
"639";"HIP15860.tsv";64;FALSE
"640";"HIP15861.tsv";236;TRUE
"641";"HIP16515.tsv";335;TRUE
"642";"HIP16738.tsv";179;FALSE
"643";"HIP16867.tsv";382;TRUE
"644";"HIP17370.tsv";32;TRUE
"645";"HIP17440.tsv";358;FALSE
"646";"HIP17445.tsv";310;FALSE
"647";"HIP17449.tsv";144;FALSE
"648";"HIP17454.tsv";196;FALSE
"649";"HIP17457.tsv";242;FALSE
"650";"HIP17462.tsv";267;TRUE
"651";"HIP17534.tsv";447;TRUE
"652";"HIP17577.tsv";258;TRUE
"653";"HIP17585.tsv";405;FALSE
"654";"HIP17657.tsv";331;FALSE
"655";"HIP17698.tsv";361;FALSE
"656";"HIP17723.tsv";218;TRUE
"657";"HIP17737.tsv";152;FALSE
"658";"HIP17760.tsv";278;TRUE
"659";"HIP17793.tsv";220;FALSE
"660";"HIP17837.tsv";291;TRUE
"661";"HIP17845.tsv";269;TRUE
"662";"HIP17887.tsv";268;FALSE
"663";"HIP19048.tsv";61;FALSE
"664";"HIP19089.tsv";49;FALSE
"665";"HIP19716.tsv";97;FALSE
"666";"HIP19717.tsv";687;TRUE
"667";"Keck0001_MC1.tsv";113;FALSE
"668";"Keck0002_MC1.tsv";76;FALSE
"669";"Keck0003_MC1.tsv";259;FALSE
"670";"Keck0004_MC1.tsv";117;FALSE
"671";"Keck0005_MC1.tsv";183;FALSE
"672";"Keck0006_MC1.tsv";153;FALSE
"673";"Keck0007_MC1.tsv";85;FALSE
"674";"Keck0008_MC1.tsv";142;FALSE
"675";"Keck0009_MC1.tsv";109;FALSE
"676";"Keck0010_MC1.tsv";133;FALSE
"677";"Keck0011_MC1.tsv";86;FALSE
"678";"Keck0012_MC1.tsv";100;FALSE
"679";"Keck0013_MC1.tsv";297;FALSE
"680";"Keck0014_MC1.tsv";101;FALSE
"681";"Keck0015_MC1.tsv";161;FALSE
"682";"Keck0016_MC1.tsv";77;FALSE
"683";"Keck0017_MC1.tsv";81;FALSE
"684";"Keck0018_MC1.tsv";73;FALSE
"685";"Keck0019_MC1.tsv";130;FALSE
"686";"Keck0020_MC1.tsv";77;FALSE
"687";"Keck0021_MC1.tsv";250;FALSE
"688";"Keck0022_MC1.tsv";98;FALSE
"689";"Keck0023_MC1.tsv";122;FALSE
"690";"Keck0024_MC1.tsv";84;FALSE
"691";"Keck0025_MC1.tsv";56;FALSE
"692";"Keck0026_MC1.tsv";65;FALSE
"693";"Keck0027_MC1.tsv";68;FALSE
"694";"Keck0028_MC1.tsv";106;FALSE
"695";"Keck0029_MC1.tsv";65;FALSE
"696";"Keck0030_MC1.tsv";158;FALSE
"697";"Keck0031_MC1.tsv";156;FALSE
"698";"Keck0032_MC1.tsv";145;FALSE
"699";"Keck0033_MC1.tsv";105;FALSE
"700";"Keck0034_MC1.tsv";144;FALSE
"701";"Keck0035_MC1.tsv";44;FALSE
"702";"Keck0036_MC1.tsv";89;FALSE
"703";"Keck0037_MC1.tsv";161;FALSE
"704";"Keck0038_MC1.tsv";91;FALSE
"705";"Keck0039_MC1.tsv";91;FALSE
"706";"Keck0040_MC1.tsv";121;FALSE
"707";"Keck0041_MC1.tsv";112;FALSE
"708";"Keck0042_MC1.tsv";96;FALSE
"709";"Keck0043_MC1.tsv";91;FALSE
"710";"Keck0044_MC1.tsv";74;FALSE
"711";"Keck0045_MC1.tsv";82;FALSE
"712";"Keck0046_MC1.tsv";122;FALSE
"713";"Keck0047_MC1.tsv";141;FALSE
"714";"Keck0048_MC1.tsv";141;FALSE
"715";"Keck0049_MC1.tsv";209;FALSE
"716";"Keck0050_MC1.tsv";133;FALSE
"717";"Keck0051_MC1.tsv";97;FALSE
"718";"Keck0052_MC1.tsv";41;FALSE
"719";"Keck0053_MC1.tsv";144;FALSE
"720";"Keck0054_MC1.tsv";165;FALSE
"721";"Keck0055_MC1.tsv";224;FALSE
"722";"Keck0056_MC1.tsv";227;FALSE
"723";"Keck0057_MC1.tsv";243;FALSE
"724";"Keck0058_MC1.tsv";174;FALSE
"725";"Keck0059_MC1.tsv";248;FALSE
"726";"Keck0060_MC1.tsv";179;FALSE
"727";"Keck0061_MC1.tsv";218;FALSE
"728";"Keck0062_MC1.tsv";301;FALSE
"729";"Keck0063_MC1.tsv";113;FALSE
"730";"Keck0064_MC1.tsv";155;FALSE
"731";"Keck0065_MC1.tsv";173;FALSE
"732";"Keck0066_MC1.tsv";149;FALSE
"733";"Keck0067_MC1.tsv";174;FALSE
"734";"Keck0068_MC1.tsv";254;FALSE
"735";"Keck0069_MC1.tsv";666;FALSE
"736";"Keck0070_MC1.tsv";469;FALSE
"737";"Keck0071_MC1.tsv";456;FALSE
"738";"Keck0072_MC1.tsv";268;FALSE
"739";"Keck0073_MC1.tsv";262;FALSE
"740";"Keck0074_MC1.tsv";222;FALSE
"741";"Keck0075_MC1.tsv";99;FALSE
"742";"Keck0076_MC1.tsv";392;FALSE
"743";"Keck0077_MC1.tsv";291;FALSE
"744";"Keck0078_MC1.tsv";279;FALSE
"745";"Keck0079_MC1.tsv";211;FALSE
"746";"Keck0080_MC1.tsv";301;FALSE
"747";"Keck0081_MC1.tsv";363;FALSE
"748";"Keck0082_MC1.tsv";378;FALSE
"749";"Keck0083_MC1.tsv";301;FALSE
"750";"Keck0084_MC1.tsv";280;FALSE
"751";"Keck0085_MC1.tsv";230;FALSE
"752";"Keck0086_MC1.tsv";216;FALSE
"753";"Keck0087_MC1.tsv";337;FALSE
"754";"Keck0088_MC1.tsv";250;FALSE
"755";"Keck0089_MC1.tsv";278;FALSE
"756";"Keck0090_MC1.tsv";168;FALSE
"757";"Keck0091_MC1.tsv";262;FALSE
"758";"Keck0092_MC1.tsv";220;FALSE
"759";"Keck0093_MC1.tsv";543;FALSE
"760";"Keck0094_MC1.tsv";394;FALSE
"761";"Keck0095_MC1.tsv";550;FALSE
"762";"Keck0096_MC1.tsv";294;FALSE
"763";"Keck0097_MC1.tsv";445;FALSE
"764";"Keck0098_MC1.tsv";226;FALSE
"765";"Keck0099_MC1.tsv";246;FALSE
"766";"Keck0100_MC1.tsv";131;FALSE
"767";"Keck0101_MC1.tsv";414;FALSE
"768";"Keck0102_MC1.tsv";272;FALSE
"769";"Keck0103_MC1.tsv";213;FALSE
"770";"Keck0104_MC1.tsv";551;FALSE
"771";"Keck0105_MC1.tsv";289;FALSE
"772";"Keck0106_MC1.tsv";279;FALSE
"773";"Keck0107_MC1.tsv";324;FALSE
"774";"Keck0108_MC1.tsv";144;FALSE
"775";"Keck0109_MC1.tsv";142;FALSE
"776";"Keck0110_MC1.tsv";199;FALSE
"777";"Keck0111_MC1.tsv";317;FALSE
"778";"Keck0112_MC1.tsv";210;FALSE
"779";"Keck0113_MC1.tsv";442;FALSE
"780";"Keck0114_MC1.tsv";397;FALSE
"781";"Keck0115_MC1.tsv";264;FALSE
"782";"Keck0116_MC1.tsv";319;FALSE
"783";"Keck0117_MC1.tsv";247;FALSE
"784";"Keck0118_MC1.tsv";286;FALSE
"785";"Keck0119_MC1.tsv";410;FALSE
"786";"Keck0120_MC1.tsv";397;FALSE
