"";"sample";"count";"analysis"
"1";"HIP00110.tsv";758;FALSE
"2";"HIP00169.tsv";721;FALSE
"3";"HIP00594.tsv";815;TRUE
"4";"HIP00602.tsv";1053;FALSE
"5";"HIP00614.tsv";355;FALSE
"6";"HIP00640.tsv";1516;FALSE
"7";"HIP00707.tsv";933;TRUE
"8";"HIP00710.tsv";548;FALSE
"9";"HIP00715.tsv";1382;FALSE
"10";"HIP00728.tsv";486;FALSE
"11";"HIP00734.tsv";488;FALSE
"12";"HIP00761.tsv";1370;TRUE
"13";"HIP00769.tsv";1559;FALSE
"14";"HIP00771.tsv";1311;FALSE
"15";"HIP00773.tsv";1868;FALSE
"16";"HIP00775.tsv";863;TRUE
"17";"HIP00777.tsv";2007;TRUE
"18";"HIP00779.tsv";514;FALSE
"19";"HIP00805.tsv";1255;FALSE
"20";"HIP00813.tsv";762;TRUE
"21";"HIP00819.tsv";1359;FALSE
"22";"HIP00822.tsv";441;FALSE
"23";"HIP00825.tsv";1302;FALSE
"24";"HIP00826.tsv";791;FALSE
"25";"HIP00832.tsv";805;FALSE
"26";"HIP00838.tsv";2041;TRUE
"27";"HIP00851.tsv";1411;TRUE
"28";"HIP00869.tsv";1610;FALSE
"29";"HIP00898.tsv";1354;TRUE
"30";"HIP00904.tsv";909;FALSE
"31";"HIP00924.tsv";1488;TRUE
"32";"HIP00926.tsv";1796;FALSE
"33";"HIP00934.tsv";1484;FALSE
"34";"HIP00951.tsv";752;TRUE
"35";"HIP00971.tsv";2501;TRUE
"36";"HIP00985.tsv";1026;TRUE
"37";"HIP00997.tsv";1489;FALSE
"38";"HIP00999.tsv";1564;FALSE
"39";"HIP01004.tsv";1964;FALSE
"40";"HIP01022.tsv";1155;FALSE
"41";"HIP01055.tsv";344;FALSE
"42";"HIP01091.tsv";1153;TRUE
"43";"HIP01129.tsv";1311;FALSE
"44";"HIP01140.tsv";1842;FALSE
"45";"HIP01160.tsv";900;FALSE
"46";"HIP01161.tsv";477;FALSE
"47";"HIP01162.tsv";1249;FALSE
"48";"HIP01180.tsv";840;FALSE
"49";"HIP01181.tsv";601;TRUE
"50";"HIP01197.tsv";1436;FALSE
"51";"HIP01206.tsv";463;FALSE
"52";"HIP01218.tsv";770;FALSE
"53";"HIP01219.tsv";1368;TRUE
"54";"HIP01220.tsv";750;TRUE
"55";"HIP01223.tsv";1784;TRUE
"56";"HIP01232.tsv";1321;TRUE
"57";"HIP01253.tsv";906;FALSE
"58";"HIP01255.tsv";1893;TRUE
"59";"HIP01264.tsv";1349;FALSE
"60";"HIP01266.tsv";1284;FALSE
"61";"HIP01298.tsv";1051;FALSE
"62";"HIP01313.tsv";871;FALSE
"63";"HIP01359.tsv";890;FALSE
"64";"HIP01384.tsv";726;TRUE
"65";"HIP01391.tsv";669;FALSE
"66";"HIP01392.tsv";692;FALSE
"67";"HIP01393.tsv";2128;FALSE
"68";"HIP01465.tsv";1127;TRUE
"69";"HIP01470.tsv";958;TRUE
"70";"HIP01499.tsv";932;FALSE
"71";"HIP01501.tsv";218;TRUE
"72";"HIP01571.tsv";815;FALSE
"73";"HIP01582.tsv";585;FALSE
"74";"HIP01596.tsv";1317;FALSE
"75";"HIP01597.tsv";1105;FALSE
"76";"HIP01765.tsv";286;TRUE
"77";"HIP01795.tsv";1008;FALSE
"78";"HIP01797.tsv";773;FALSE
"79";"HIP01798.tsv";1068;FALSE
"80";"HIP01805.tsv";1787;FALSE
"81";"HIP01820.tsv";1841;FALSE
"82";"HIP01850.tsv";1503;TRUE
"83";"HIP01856.tsv";716;TRUE
"84";"HIP01865.tsv";345;TRUE
"85";"HIP01867.tsv";1453;FALSE
"86";"HIP01870.tsv";598;FALSE
"87";"HIP01947.tsv";1207;TRUE
"88";"HIP02024.tsv";1761;TRUE
"89";"HIP02078.tsv";1350;TRUE
"90";"HIP02090.tsv";1050;FALSE
"91";"HIP02103.tsv";1960;FALSE
"92";"HIP02112.tsv";2854;FALSE
"93";"HIP02126.tsv";1951;TRUE
"94";"HIP02271.tsv";1206;TRUE
"95";"HIP02663.tsv";719;TRUE
"96";"HIP02734.tsv";412;FALSE
"97";"HIP02737.tsv";1506;FALSE
"98";"HIP02742.tsv";753;FALSE
"99";"HIP02780.tsv";709;FALSE
"100";"HIP02790.tsv";481;TRUE
"101";"HIP02805.tsv";1625;FALSE
"102";"HIP02811.tsv";1215;FALSE
"103";"HIP02820.tsv";1623;FALSE
"104";"HIP02848.tsv";140;FALSE
"105";"HIP02855.tsv";2533;FALSE
"106";"HIP02873.tsv";1470;TRUE
"107";"HIP02875.tsv";1366;FALSE
"108";"HIP02877.tsv";383;FALSE
"109";"HIP02928.tsv";2107;TRUE
"110";"HIP02931.tsv";1367;FALSE
"111";"HIP02947.tsv";2653;TRUE
"112";"HIP02962.tsv";1707;TRUE
"113";"HIP02997.tsv";639;TRUE
"114";"HIP03004.tsv";1651;FALSE
"115";"HIP03099.tsv";1356;FALSE
"116";"HIP03107.tsv";339;FALSE
"117";"HIP03111.tsv";1137;FALSE
"118";"HIP03125.tsv";1734;FALSE
"119";"HIP03184.tsv";253;FALSE
"120";"HIP03194.tsv";483;TRUE
"121";"HIP03197.tsv";1329;FALSE
"122";"HIP03216.tsv";947;TRUE
"123";"HIP03228.tsv";1238;FALSE
"124";"HIP03233.tsv";1038;TRUE
"125";"HIP03236.tsv";2044;FALSE
"126";"HIP03275.tsv";1555;TRUE
"127";"HIP03370.tsv";1657;TRUE
"128";"HIP03378.tsv";964;TRUE
"129";"HIP03381.tsv";703;TRUE
"130";"HIP03383.tsv";895;FALSE
"131";"HIP03385.tsv";852;FALSE
"132";"HIP03484.tsv";791;FALSE
"133";"HIP03494.tsv";1658;FALSE
"134";"HIP03495.tsv";1397;TRUE
"135";"HIP03502.tsv";2071;FALSE
"136";"HIP03505.tsv";1056;FALSE
"137";"HIP03511.tsv";1208;TRUE
"138";"HIP03591.tsv";415;FALSE
"139";"HIP03592.tsv";1092;FALSE
"140";"HIP03597.tsv";1787;FALSE
"141";"HIP03618.tsv";1223;TRUE
"142";"HIP03628.tsv";1641;TRUE
"143";"HIP03630.tsv";766;TRUE
"144";"HIP03651.tsv";1131;FALSE
"145";"HIP03677.tsv";2364;TRUE
"146";"HIP03678.tsv";810;FALSE
"147";"HIP03685.tsv";392;FALSE
"148";"HIP03693.tsv";1493;FALSE
"149";"HIP03695.tsv";384;TRUE
"150";"HIP03720.tsv";611;TRUE
"151";"HIP03732.tsv";1324;FALSE
"152";"HIP03746.tsv";1430;FALSE
"153";"HIP03807.tsv";830;TRUE
"154";"HIP03812.tsv";1557;FALSE
"155";"HIP03814.tsv";1793;FALSE
"156";"HIP04455.tsv";579;TRUE
"157";"HIP04464.tsv";1102;TRUE
"158";"HIP04471.tsv";1442;FALSE
"159";"HIP04475.tsv";1480;TRUE
"160";"HIP04480.tsv";885;FALSE
"161";"HIP04498.tsv";1147;FALSE
"162";"HIP04509.tsv";829;TRUE
"163";"HIP04510.tsv";497;TRUE
"164";"HIP04511.tsv";674;TRUE
"165";"HIP04527.tsv";1186;TRUE
"166";"HIP04532.tsv";1623;FALSE
"167";"HIP04545.tsv";1330;FALSE
"168";"HIP04552.tsv";1206;FALSE
"169";"HIP04555.tsv";2645;TRUE
"170";"HIP04576.tsv";1629;FALSE
"171";"HIP04578.tsv";1586;TRUE
"172";"HIP04597.tsv";1010;FALSE
"173";"HIP04605.tsv";732;TRUE
"174";"HIP04611.tsv";1594;FALSE
"175";"HIP04634.tsv";1210;TRUE
"176";"HIP04958.tsv";186;FALSE
"177";"HIP05311.tsv";877;TRUE
"178";"HIP05331.tsv";808;TRUE
"179";"HIP05377.tsv";1069;FALSE
"180";"HIP05388.tsv";1139;FALSE
"181";"HIP05390.tsv";665;FALSE
"182";"HIP05398.tsv";1749;FALSE
"183";"HIP05405.tsv";1361;TRUE
"184";"HIP05409.tsv";2821;FALSE
"185";"HIP05434.tsv";1338;TRUE
"186";"HIP05437.tsv";2274;TRUE
"187";"HIP05444.tsv";1255;FALSE
"188";"HIP05455.tsv";755;TRUE
"189";"HIP05460.tsv";540;TRUE
"190";"HIP05467.tsv";357;TRUE
"191";"HIP05524.tsv";297;FALSE
"192";"HIP05533.tsv";1581;FALSE
"193";"HIP05535.tsv";1702;TRUE
"194";"HIP05540.tsv";926;FALSE
"195";"HIP05551.tsv";840;TRUE
"196";"HIP05552.tsv";1355;FALSE
"197";"HIP05559.tsv";1699;TRUE
"198";"HIP05561.tsv";734;FALSE
"199";"HIP05563.tsv";702;TRUE
"200";"HIP05574.tsv";1525;FALSE
"201";"HIP05578.tsv";1602;FALSE
"202";"HIP05590.tsv";434;TRUE
"203";"HIP05595.tsv";416;TRUE
"204";"HIP05665.tsv";566;FALSE
"205";"HIP05757.tsv";662;FALSE
"206";"HIP05763.tsv";7;FALSE
"207";"HIP05815.tsv";642;TRUE
"208";"HIP05817.tsv";776;FALSE
"209";"HIP05832.tsv";484;TRUE
"210";"HIP05838.tsv";1990;FALSE
"211";"HIP05841.tsv";1885;TRUE
"212";"HIP05934.tsv";313;FALSE
"213";"HIP05941.tsv";1289;FALSE
"214";"HIP05942.tsv";1814;TRUE
"215";"HIP05948.tsv";572;FALSE
"216";"HIP05960.tsv";1398;TRUE
"217";"HIP06191.tsv";1156;FALSE
"218";"HIP07754.tsv";2712;FALSE
"219";"HIP08076.tsv";1876;FALSE
"220";"HIP08200.tsv";1057;FALSE
"221";"HIP08223.tsv";750;FALSE
"222";"HIP08230.tsv";1875;FALSE
"223";"HIP08236.tsv";1794;FALSE
"224";"HIP08305.tsv";919;TRUE
"225";"HIP08337.tsv";1097;TRUE
"226";"HIP08339.tsv";1311;FALSE
"227";"HIP08345.tsv";1068;FALSE
"228";"HIP08346.tsv";1955;FALSE
"229";"HIP08389.tsv";1810;FALSE
"230";"HIP08399.tsv";1825;FALSE
"231";"HIP08400.tsv";1291;TRUE
"232";"HIP08439.tsv";2443;FALSE
"233";"HIP08499.tsv";2163;TRUE
"234";"HIP08507.tsv";1486;FALSE
"235";"HIP08521.tsv";1868;TRUE
"236";"HIP08596.tsv";713;TRUE
"237";"HIP08598.tsv";1493;TRUE
"238";"HIP08653.tsv";2082;TRUE
"239";"HIP08702.tsv";687;TRUE
"240";"HIP08710.tsv";616;FALSE
"241";"HIP08711.tsv";1492;FALSE
"242";"HIP08725.tsv";957;TRUE
"243";"HIP08792.tsv";1936;TRUE
"244";"HIP08805.tsv";2973;FALSE
"245";"HIP08816.tsv";979;FALSE
"246";"HIP08821.tsv";439;TRUE
"247";"HIP08827.tsv";626;TRUE
"248";"HIP08888.tsv";1862;FALSE
"249";"HIP08890.tsv";1183;TRUE
"250";"HIP08972.tsv";660;FALSE
"251";"HIP08977.tsv";2122;FALSE
"252";"HIP08986.tsv";1058;TRUE
"253";"HIP08989.tsv";2781;FALSE
"254";"HIP09001.tsv";2631;FALSE
"255";"HIP09020.tsv";621;TRUE
"256";"HIP09022.tsv";1010;TRUE
"257";"HIP09026.tsv";1646;TRUE
"258";"HIP09029.tsv";2183;FALSE
"259";"HIP09041.tsv";569;FALSE
"260";"HIP09046.tsv";842;FALSE
"261";"HIP09051.tsv";1349;TRUE
"262";"HIP09062.tsv";2234;TRUE
"263";"HIP09097.tsv";671;FALSE
"264";"HIP09118.tsv";1346;FALSE
"265";"HIP09119.tsv";642;TRUE
"266";"HIP09122.tsv";1139;TRUE
"267";"HIP09150.tsv";842;TRUE
"268";"HIP09159.tsv";875;FALSE
"269";"HIP09190.tsv";1087;TRUE
"270";"HIP09235.tsv";1674;TRUE
"271";"HIP09253.tsv";1894;FALSE
"272";"HIP09284.tsv";1576;FALSE
"273";"HIP09344.tsv";1129;FALSE
"274";"HIP09364.tsv";846;TRUE
"275";"HIP09365.tsv";1627;TRUE
"276";"HIP09366.tsv";275;TRUE
"277";"HIP09430.tsv";1076;TRUE
"278";"HIP09559.tsv";1395;FALSE
"279";"HIP09624.tsv";805;TRUE
"280";"HIP09681.tsv";473;TRUE
"281";"HIP09775.tsv";946;TRUE
"282";"HIP09789.tsv";1666;TRUE
"283";"HIP10358.tsv";2572;FALSE
"284";"HIP10376.tsv";739;FALSE
"285";"HIP10377.tsv";2432;TRUE
"286";"HIP10389.tsv";1244;FALSE
"287";"HIP10408.tsv";2003;TRUE
"288";"HIP10424.tsv";488;TRUE
"289";"HIP10443.tsv";1577;TRUE
"290";"HIP10445.tsv";964;FALSE
"291";"HIP10447.tsv";1314;FALSE
"292";"HIP10480.tsv";2604;TRUE
"293";"HIP10507.tsv";937;TRUE
"294";"HIP10514.tsv";1570;FALSE
"295";"HIP10545.tsv";380;FALSE
"296";"HIP10564.tsv";2361;FALSE
"297";"HIP10568.tsv";1206;TRUE
"298";"HIP10597.tsv";921;FALSE
"299";"HIP10602.tsv";1295;FALSE
"300";"HIP10639.tsv";1512;FALSE
"301";"HIP10669.tsv";1143;TRUE
"302";"HIP10694.tsv";392;FALSE
"303";"HIP10716.tsv";1486;TRUE
"304";"HIP10726.tsv";1195;FALSE
"305";"HIP10730.tsv";948;FALSE
"306";"HIP10746.tsv";623;FALSE
"307";"HIP10759.tsv";1171;FALSE
"308";"HIP10787.tsv";1086;TRUE
"309";"HIP10814.tsv";1865;TRUE
"310";"HIP10815.tsv";600;FALSE
"311";"HIP10817.tsv";535;TRUE
"312";"HIP10820.tsv";1294;FALSE
"313";"HIP10821.tsv";724;FALSE
"314";"HIP10823.tsv";1266;FALSE
"315";"HIP10846.tsv";1824;FALSE
"316";"HIP11058.tsv";1660;FALSE
"317";"HIP11513.tsv";945;TRUE
"318";"HIP11518.tsv";2146;TRUE
"319";"HIP11553.tsv";1537;FALSE
"320";"HIP11613.tsv";926;TRUE
"321";"HIP11649.tsv";639;TRUE
"322";"HIP11711.tsv";720;TRUE
"323";"HIP11717.tsv";684;TRUE
"324";"HIP11758.tsv";1346;TRUE
"325";"HIP11774.tsv";918;TRUE
"326";"HIP11784.tsv";514;TRUE
"327";"HIP11845.tsv";623;FALSE
"328";"HIP11857.tsv";1675;TRUE
"329";"HIP11937.tsv";1937;TRUE
"330";"HIP11989.tsv";1027;TRUE
"331";"HIP12034.tsv";2399;FALSE
"332";"HIP12088.tsv";967;FALSE
"333";"HIP12091.tsv";474;FALSE
"334";"HIP12097.tsv";560;TRUE
"335";"HIP12099.tsv";1614;TRUE
"336";"HIP12123.tsv";850;TRUE
"337";"HIP12129.tsv";812;FALSE
"338";"HIP12143.tsv";1252;FALSE
"339";"HIP12165.tsv";698;TRUE
"340";"HIP12527.tsv";1113;FALSE
"341";"HIP12533.tsv";1222;FALSE
"342";"HIP12534.tsv";775;TRUE
"343";"HIP12538.tsv";1255;FALSE
"344";"HIP12703.tsv";1084;TRUE
"345";"HIP12743.tsv";832;TRUE
"346";"HIP12900.tsv";1510;TRUE
"347";"HIP12980.tsv";1091;TRUE
"348";"HIP13015.tsv";1843;FALSE
"349";"HIP13122.tsv";1485;FALSE
"350";"HIP13142.tsv";1750;FALSE
"351";"HIP13157.tsv";1282;TRUE
"352";"HIP13168.tsv";1132;FALSE
"353";"HIP13176.tsv";2238;TRUE
"354";"HIP13178.tsv";699;FALSE
"355";"HIP13183.tsv";1758;FALSE
"356";"HIP13185.tsv";1067;FALSE
"357";"HIP13193.tsv";403;FALSE
"358";"HIP13198.tsv";537;FALSE
"359";"HIP13206.tsv";599;FALSE
"360";"HIP13209.tsv";1092;FALSE
"361";"HIP13214.tsv";1348;TRUE
"362";"HIP13217.tsv";884;TRUE
"363";"HIP13220.tsv";882;TRUE
"364";"HIP13227.tsv";450;TRUE
"365";"HIP13228.tsv";1928;FALSE
"366";"HIP13230.tsv";299;TRUE
"367";"HIP13233.tsv";1048;TRUE
"368";"HIP13244.tsv";1282;FALSE
"369";"HIP13245.tsv";558;TRUE
"370";"HIP13251.tsv";694;FALSE
"371";"HIP13252.tsv";1226;FALSE
"372";"HIP13256.tsv";1136;FALSE
"373";"HIP13263.tsv";765;FALSE
"374";"HIP13265.tsv";1264;FALSE
"375";"HIP13274.tsv";1829;FALSE
"376";"HIP13276.tsv";1440;FALSE
"377";"HIP13284.tsv";849;FALSE
"378";"HIP13291.tsv";1537;TRUE
"379";"HIP13294.tsv";952;FALSE
"380";"HIP13296.tsv";469;TRUE
"381";"HIP13303.tsv";1056;FALSE
"382";"HIP13306.tsv";1198;TRUE
"383";"HIP13309.tsv";2310;TRUE
"384";"HIP13311.tsv";880;TRUE
"385";"HIP13318.tsv";727;TRUE
"386";"HIP13319.tsv";635;FALSE
"387";"HIP13324.tsv";1298;TRUE
"388";"HIP13325.tsv";2536;TRUE
"389";"HIP13350.tsv";698;FALSE
"390";"HIP13352.tsv";2311;TRUE
"391";"HIP13355.tsv";1612;TRUE
"392";"HIP13360.tsv";1529;TRUE
"393";"HIP13361.tsv";881;TRUE
"394";"HIP13363.tsv";1061;FALSE
"395";"HIP13370.tsv";1497;FALSE
"396";"HIP13376.tsv";2628;FALSE
"397";"HIP13383.tsv";1607;FALSE
"398";"HIP13396.tsv";1341;TRUE
"399";"HIP13402.tsv";445;FALSE
"400";"HIP13414.tsv";631;TRUE
"401";"HIP13427.tsv";1630;TRUE
"402";"HIP13449.tsv";639;TRUE
"403";"HIP13463.tsv";2614;FALSE
"404";"HIP13465.tsv";294;FALSE
"405";"HIP13473.tsv";2261;FALSE
"406";"HIP13478.tsv";709;TRUE
"407";"HIP13489.tsv";1357;TRUE
"408";"HIP13497.tsv";1170;FALSE
"409";"HIP13505.tsv";176;FALSE
"410";"HIP13511.tsv";1797;FALSE
"411";"HIP13513.tsv";1911;TRUE
"412";"HIP13515.tsv";1010;TRUE
"413";"HIP13518.tsv";874;TRUE
"414";"HIP13554.tsv";1081;TRUE
"415";"HIP13567.tsv";761;FALSE
"416";"HIP13592.tsv";1332;FALSE
"417";"HIP13610.tsv";1281;TRUE
"418";"HIP13625.tsv";871;FALSE
"419";"HIP13627.tsv";1220;TRUE
"420";"HIP13636.tsv";2162;TRUE
"421";"HIP13654.tsv";1483;TRUE
"422";"HIP13658.tsv";1975;FALSE
"423";"HIP13661.tsv";946;FALSE
"424";"HIP13663.tsv";1518;FALSE
"425";"HIP13667.tsv";1128;TRUE
"426";"HIP13671.tsv";1357;TRUE
"427";"HIP13686.tsv";777;FALSE
"428";"HIP13695.tsv";723;FALSE
"429";"HIP13699.tsv";1823;TRUE
"430";"HIP13703.tsv";534;TRUE
"431";"HIP13709.tsv";1180;FALSE
"432";"HIP13710.tsv";1620;FALSE
"433";"HIP13720.tsv";1683;FALSE
"434";"HIP13722.tsv";789;FALSE
"435";"HIP13736.tsv";1351;FALSE
"436";"HIP13741.tsv";2143;FALSE
"437";"HIP13746.tsv";756;FALSE
"438";"HIP13749.tsv";1568;FALSE
"439";"HIP13751.tsv";1240;TRUE
"440";"HIP13753.tsv";26;TRUE
"441";"HIP13754.tsv";1638;FALSE
"442";"HIP13757.tsv";1608;FALSE
"443";"HIP13760.tsv";345;FALSE
"444";"HIP13764.tsv";1615;FALSE
"445";"HIP13766.tsv";421;FALSE
"446";"HIP13769.tsv";1438;FALSE
"447";"HIP13771.tsv";633;TRUE
"448";"HIP13773.tsv";1042;TRUE
"449";"HIP13774.tsv";760;FALSE
"450";"HIP13777.tsv";1157;FALSE
"451";"HIP13780.tsv";1589;FALSE
"452";"HIP13782.tsv";267;TRUE
"453";"HIP13786.tsv";3051;FALSE
"454";"HIP13789.tsv";1020;TRUE
"455";"HIP13793.tsv";1109;TRUE
"456";"HIP13794.tsv";940;FALSE
"457";"HIP13796.tsv";2674;FALSE
"458";"HIP13800.tsv";148;TRUE
"459";"HIP13803.tsv";1264;FALSE
"460";"HIP13806.tsv";653;FALSE
"461";"HIP13809.tsv";687;TRUE
"462";"HIP13810.tsv";196;FALSE
"463";"HIP13812.tsv";322;FALSE
"464";"HIP13814.tsv";800;TRUE
"465";"HIP13818.tsv";1041;TRUE
"466";"HIP13822.tsv";1123;TRUE
"467";"HIP13823.tsv";841;FALSE
"468";"HIP13831.tsv";776;TRUE
"469";"HIP13833.tsv";468;TRUE
"470";"HIP13847.tsv";539;FALSE
"471";"HIP13848.tsv";645;FALSE
"472";"HIP13852.tsv";941;TRUE
"473";"HIP13853.tsv";3050;FALSE
"474";"HIP13854.tsv";275;FALSE
"475";"HIP13856.tsv";2069;TRUE
"476";"HIP13857.tsv";346;FALSE
"477";"HIP13859.tsv";889;FALSE
"478";"HIP13860.tsv";1004;FALSE
"479";"HIP13865.tsv";735;TRUE
"480";"HIP13869.tsv";773;TRUE
"481";"HIP13871.tsv";728;FALSE
"482";"HIP13875.tsv";523;TRUE
"483";"HIP13877.tsv";1210;FALSE
"484";"HIP13880.tsv";1602;TRUE
"485";"HIP13887.tsv";1114;FALSE
"486";"HIP13893.tsv";2170;FALSE
"487";"HIP13894.tsv";403;TRUE
"488";"HIP13900.tsv";792;TRUE
"489";"HIP13902.tsv";1287;TRUE
"490";"HIP13903.tsv";837;TRUE
"491";"HIP13911.tsv";1514;TRUE
"492";"HIP13916.tsv";653;FALSE
"493";"HIP13919.tsv";727;TRUE
"494";"HIP13920.tsv";1471;FALSE
"495";"HIP13923.tsv";56;TRUE
"496";"HIP13926.tsv";2465;TRUE
"497";"HIP13928.tsv";777;TRUE
"498";"HIP13929.tsv";1682;FALSE
"499";"HIP13932.tsv";1455;TRUE
"500";"HIP13933.tsv";596;FALSE
"501";"HIP13935.tsv";1204;FALSE
"502";"HIP13938.tsv";920;TRUE
"503";"HIP13939.tsv";779;TRUE
"504";"HIP13941.tsv";2058;FALSE
"505";"HIP13944.tsv";238;FALSE
"506";"HIP13945.tsv";343;FALSE
"507";"HIP13947.tsv";1271;FALSE
"508";"HIP13949.tsv";818;TRUE
"509";"HIP13951.tsv";1288;TRUE
"510";"HIP13954.tsv";1522;TRUE
"511";"HIP13956.tsv";1443;TRUE
"512";"HIP13958.tsv";1577;FALSE
"513";"HIP13961.tsv";1061;FALSE
"514";"HIP13962.tsv";339;TRUE
"515";"HIP13964.tsv";1305;TRUE
"516";"HIP13966.tsv";1533;FALSE
"517";"HIP13967.tsv";605;TRUE
"518";"HIP13972.tsv";719;FALSE
"519";"HIP13975.tsv";2068;TRUE
"520";"HIP13976.tsv";508;TRUE
"521";"HIP13978.tsv";1249;FALSE
"522";"HIP13981.tsv";872;FALSE
"523";"HIP13983.tsv";1116;FALSE
"524";"HIP13986.tsv";440;TRUE
"525";"HIP13987.tsv";1371;TRUE
"526";"HIP13988.tsv";954;TRUE
"527";"HIP13989.tsv";703;FALSE
"528";"HIP13992.tsv";428;TRUE
"529";"HIP13994.tsv";1028;TRUE
"530";"HIP13996.tsv";1634;TRUE
"531";"HIP14000.tsv";4244;FALSE
"532";"HIP14004.tsv";820;FALSE
"533";"HIP14007.tsv";250;FALSE
"534";"HIP14009.tsv";616;TRUE
"535";"HIP14014.tsv";1236;FALSE
"536";"HIP14015.tsv";1051;FALSE
"537";"HIP14016.tsv";1008;TRUE
"538";"HIP14018.tsv";1742;FALSE
"539";"HIP14020.tsv";1180;FALSE
"540";"HIP14022.tsv";1766;TRUE
"541";"HIP14024.tsv";219;TRUE
"542";"HIP14028.tsv";769;FALSE
"543";"HIP14030.tsv";1456;FALSE
"544";"HIP14034.tsv";1552;TRUE
"545";"HIP14036.tsv";1024;FALSE
"546";"HIP14037.tsv";761;FALSE
"547";"HIP14039.tsv";781;FALSE
"548";"HIP14041.tsv";2145;TRUE
"549";"HIP14043.tsv";1196;FALSE
"550";"HIP14045.tsv";1612;TRUE
"551";"HIP14048.tsv";1867;FALSE
"552";"HIP14051.tsv";1183;TRUE
"553";"HIP14053.tsv";1509;TRUE
"554";"HIP14055.tsv";1100;FALSE
"555";"HIP14059.tsv";1513;FALSE
"556";"HIP14060.tsv";789;TRUE
"557";"HIP14064.tsv";1869;FALSE
"558";"HIP14066.tsv";639;FALSE
"559";"HIP14071.tsv";476;TRUE
"560";"HIP14072.tsv";560;FALSE
"561";"HIP14074.tsv";1888;FALSE
"562";"HIP14077.tsv";2088;FALSE
"563";"HIP14079.tsv";1518;FALSE
"564";"HIP14080.tsv";378;FALSE
"565";"HIP14089.tsv";1221;FALSE
"566";"HIP14090.tsv";656;FALSE
"567";"HIP14092.tsv";1204;TRUE
"568";"HIP14095.tsv";1358;FALSE
"569";"HIP14096.tsv";1004;TRUE
"570";"HIP14103.tsv";1154;TRUE
"571";"HIP14106.tsv";33;TRUE
"572";"HIP14107.tsv";510;TRUE
"573";"HIP14109.tsv";2758;FALSE
"574";"HIP14110.tsv";97;FALSE
"575";"HIP14114.tsv";518;FALSE
"576";"HIP14118.tsv";1577;TRUE
"577";"HIP14121.tsv";1376;FALSE
"578";"HIP14124.tsv";1657;TRUE
"579";"HIP14127.tsv";530;FALSE
"580";"HIP14129.tsv";2030;FALSE
"581";"HIP14130.tsv";1055;FALSE
"582";"HIP14134.tsv";1224;FALSE
"583";"HIP14136.tsv";1023;TRUE
"584";"HIP14138.tsv";1430;FALSE
"585";"HIP14140.tsv";675;FALSE
"586";"HIP14142.tsv";632;TRUE
"587";"HIP14143.tsv";495;FALSE
"588";"HIP14148.tsv";1044;TRUE
"589";"HIP14152.tsv";387;TRUE
"590";"HIP14153.tsv";997;FALSE
"591";"HIP14156.tsv";865;FALSE
"592";"HIP14157.tsv";912;TRUE
"593";"HIP14160.tsv";730;FALSE
"594";"HIP14161.tsv";1602;TRUE
"595";"HIP14170.tsv";665;FALSE
"596";"HIP14172.tsv";1959;FALSE
"597";"HIP14174.tsv";1741;FALSE
"598";"HIP14175.tsv";1291;TRUE
"599";"HIP14176.tsv";981;FALSE
"600";"HIP14178.tsv";958;FALSE
"601";"HIP14181.tsv";2471;TRUE
"602";"HIP14183.tsv";566;TRUE
"603";"HIP14184.tsv";834;FALSE
"604";"HIP14187.tsv";1736;TRUE
"605";"HIP14192.tsv";1543;FALSE
"606";"HIP14194.tsv";2914;TRUE
"607";"HIP14196.tsv";759;FALSE
"608";"HIP14202.tsv";619;FALSE
"609";"HIP14205.tsv";1218;TRUE
"610";"HIP14206.tsv";2759;FALSE
"611";"HIP14209.tsv";538;FALSE
"612";"HIP14211.tsv";1084;FALSE
"613";"HIP14213.tsv";1111;FALSE
"614";"HIP14214.tsv";814;FALSE
"615";"HIP14217.tsv";955;FALSE
"616";"HIP14218.tsv";1216;FALSE
"617";"HIP14221.tsv";1901;TRUE
"618";"HIP14223.tsv";697;TRUE
"619";"HIP14226.tsv";612;FALSE
"620";"HIP14227.tsv";1063;TRUE
"621";"HIP14230.tsv";1359;FALSE
"622";"HIP14231.tsv";1315;TRUE
"623";"HIP14234.tsv";821;FALSE
"624";"HIP14236.tsv";571;TRUE
"625";"HIP14237.tsv";584;FALSE
"626";"HIP14238.tsv";2233;FALSE
"627";"HIP14240.tsv";1336;FALSE
"628";"HIP14241.tsv";1191;FALSE
"629";"HIP14243.tsv";2076;FALSE
"630";"HIP14244.tsv";669;TRUE
"631";"HIP14361.tsv";629;TRUE
"632";"HIP14363.tsv";952;FALSE
"633";"HIP14494.tsv";2760;FALSE
"634";"HIP14844.tsv";903;FALSE
"635";"HIP14911.tsv";1233;FALSE
"636";"HIP15685.tsv";662;TRUE
"637";"HIP15854.tsv";1570;TRUE
"638";"HIP15855.tsv";1319;FALSE
"639";"HIP15860.tsv";441;FALSE
"640";"HIP15861.tsv";779;TRUE
"641";"HIP16515.tsv";997;TRUE
"642";"HIP16738.tsv";1279;FALSE
"643";"HIP16867.tsv";1586;TRUE
"644";"HIP17370.tsv";218;TRUE
"645";"HIP17440.tsv";1360;FALSE
"646";"HIP17445.tsv";1742;FALSE
"647";"HIP17449.tsv";1061;FALSE
"648";"HIP17454.tsv";982;FALSE
"649";"HIP17457.tsv";1710;FALSE
"650";"HIP17462.tsv";1670;TRUE
"651";"HIP17534.tsv";1543;TRUE
"652";"HIP17577.tsv";1323;TRUE
"653";"HIP17585.tsv";969;FALSE
"654";"HIP17657.tsv";939;FALSE
"655";"HIP17698.tsv";841;FALSE
"656";"HIP17723.tsv";1252;TRUE
"657";"HIP17737.tsv";479;FALSE
"658";"HIP17760.tsv";1103;TRUE
"659";"HIP17793.tsv";1253;FALSE
"660";"HIP17837.tsv";869;TRUE
"661";"HIP17845.tsv";1330;TRUE
"662";"HIP17887.tsv";810;FALSE
"663";"HIP19048.tsv";314;FALSE
"664";"HIP19089.tsv";543;FALSE
"665";"HIP19716.tsv";432;FALSE
"666";"HIP19717.tsv";1331;TRUE
"667";"Keck0001_MC1.tsv";585;FALSE
"668";"Keck0002_MC1.tsv";595;FALSE
"669";"Keck0003_MC1.tsv";923;FALSE
"670";"Keck0004_MC1.tsv";647;FALSE
"671";"Keck0005_MC1.tsv";791;FALSE
"672";"Keck0006_MC1.tsv";1250;FALSE
"673";"Keck0007_MC1.tsv";668;FALSE
"674";"Keck0008_MC1.tsv";879;FALSE
"675";"Keck0009_MC1.tsv";918;FALSE
"676";"Keck0010_MC1.tsv";685;FALSE
"677";"Keck0011_MC1.tsv";397;FALSE
"678";"Keck0012_MC1.tsv";618;FALSE
"679";"Keck0013_MC1.tsv";870;FALSE
"680";"Keck0014_MC1.tsv";548;FALSE
"681";"Keck0015_MC1.tsv";454;FALSE
"682";"Keck0016_MC1.tsv";954;FALSE
"683";"Keck0017_MC1.tsv";382;FALSE
"684";"Keck0018_MC1.tsv";405;FALSE
"685";"Keck0019_MC1.tsv";720;FALSE
"686";"Keck0020_MC1.tsv";351;FALSE
"687";"Keck0021_MC1.tsv";2090;FALSE
"688";"Keck0022_MC1.tsv";713;FALSE
"689";"Keck0023_MC1.tsv";625;FALSE
"690";"Keck0024_MC1.tsv";411;FALSE
"691";"Keck0025_MC1.tsv";658;FALSE
"692";"Keck0026_MC1.tsv";263;FALSE
"693";"Keck0027_MC1.tsv";362;FALSE
"694";"Keck0028_MC1.tsv";233;FALSE
"695";"Keck0029_MC1.tsv";599;FALSE
"696";"Keck0030_MC1.tsv";603;FALSE
"697";"Keck0031_MC1.tsv";1285;FALSE
"698";"Keck0032_MC1.tsv";542;FALSE
"699";"Keck0033_MC1.tsv";462;FALSE
"700";"Keck0034_MC1.tsv";1474;FALSE
"701";"Keck0035_MC1.tsv";479;FALSE
"702";"Keck0036_MC1.tsv";846;FALSE
"703";"Keck0037_MC1.tsv";1079;FALSE
"704";"Keck0038_MC1.tsv";414;FALSE
"705";"Keck0039_MC1.tsv";252;FALSE
"706";"Keck0040_MC1.tsv";565;FALSE
"707";"Keck0041_MC1.tsv";353;FALSE
"708";"Keck0042_MC1.tsv";371;FALSE
"709";"Keck0043_MC1.tsv";477;FALSE
"710";"Keck0044_MC1.tsv";435;FALSE
"711";"Keck0045_MC1.tsv";662;FALSE
"712";"Keck0046_MC1.tsv";506;FALSE
"713";"Keck0047_MC1.tsv";782;FALSE
"714";"Keck0048_MC1.tsv";609;FALSE
"715";"Keck0049_MC1.tsv";1113;FALSE
"716";"Keck0050_MC1.tsv";337;FALSE
"717";"Keck0051_MC1.tsv";326;FALSE
"718";"Keck0052_MC1.tsv";152;FALSE
"719";"Keck0053_MC1.tsv";652;FALSE
"720";"Keck0054_MC1.tsv";961;FALSE
"721";"Keck0055_MC1.tsv";2048;FALSE
"722";"Keck0056_MC1.tsv";1491;FALSE
"723";"Keck0057_MC1.tsv";1281;FALSE
"724";"Keck0058_MC1.tsv";1000;FALSE
"725";"Keck0059_MC1.tsv";1772;FALSE
"726";"Keck0060_MC1.tsv";1373;FALSE
"727";"Keck0061_MC1.tsv";1199;FALSE
"728";"Keck0062_MC1.tsv";1408;FALSE
"729";"Keck0063_MC1.tsv";627;FALSE
"730";"Keck0064_MC1.tsv";1095;FALSE
"731";"Keck0065_MC1.tsv";1220;FALSE
"732";"Keck0066_MC1.tsv";726;FALSE
"733";"Keck0067_MC1.tsv";754;FALSE
"734";"Keck0068_MC1.tsv";1001;FALSE
"735";"Keck0069_MC1.tsv";2867;FALSE
"736";"Keck0070_MC1.tsv";3222;FALSE
"737";"Keck0071_MC1.tsv";2169;FALSE
"738";"Keck0072_MC1.tsv";1590;FALSE
"739";"Keck0073_MC1.tsv";1345;FALSE
"740";"Keck0074_MC1.tsv";1469;FALSE
"741";"Keck0075_MC1.tsv";1051;FALSE
"742";"Keck0076_MC1.tsv";1613;FALSE
"743";"Keck0077_MC1.tsv";1232;FALSE
"744";"Keck0078_MC1.tsv";1881;FALSE
"745";"Keck0079_MC1.tsv";1630;FALSE
"746";"Keck0080_MC1.tsv";2422;FALSE
"747";"Keck0081_MC1.tsv";1887;FALSE
"748";"Keck0082_MC1.tsv";1882;FALSE
"749";"Keck0083_MC1.tsv";1151;FALSE
"750";"Keck0084_MC1.tsv";2125;FALSE
"751";"Keck0085_MC1.tsv";1148;FALSE
"752";"Keck0086_MC1.tsv";1308;FALSE
"753";"Keck0087_MC1.tsv";1753;FALSE
"754";"Keck0088_MC1.tsv";1411;FALSE
"755";"Keck0089_MC1.tsv";969;FALSE
"756";"Keck0090_MC1.tsv";1864;FALSE
"757";"Keck0091_MC1.tsv";1558;FALSE
"758";"Keck0092_MC1.tsv";1802;FALSE
"759";"Keck0093_MC1.tsv";4322;FALSE
"760";"Keck0094_MC1.tsv";1817;FALSE
"761";"Keck0095_MC1.tsv";4208;FALSE
"762";"Keck0096_MC1.tsv";2707;FALSE
"763";"Keck0097_MC1.tsv";2256;FALSE
"764";"Keck0098_MC1.tsv";1067;FALSE
"765";"Keck0099_MC1.tsv";1634;FALSE
"766";"Keck0100_MC1.tsv";1486;FALSE
"767";"Keck0101_MC1.tsv";2260;FALSE
"768";"Keck0102_MC1.tsv";1486;FALSE
"769";"Keck0103_MC1.tsv";1034;FALSE
"770";"Keck0104_MC1.tsv";1991;FALSE
"771";"Keck0105_MC1.tsv";2528;FALSE
"772";"Keck0106_MC1.tsv";1326;FALSE
"773";"Keck0107_MC1.tsv";1957;FALSE
"774";"Keck0108_MC1.tsv";982;FALSE
"775";"Keck0109_MC1.tsv";898;FALSE
"776";"Keck0110_MC1.tsv";1646;FALSE
"777";"Keck0111_MC1.tsv";1821;FALSE
"778";"Keck0112_MC1.tsv";1393;FALSE
"779";"Keck0113_MC1.tsv";2513;FALSE
"780";"Keck0114_MC1.tsv";2428;FALSE
"781";"Keck0115_MC1.tsv";1937;FALSE
"782";"Keck0116_MC1.tsv";1354;FALSE
"783";"Keck0117_MC1.tsv";1566;FALSE
"784";"Keck0118_MC1.tsv";1222;FALSE
"785";"Keck0119_MC1.tsv";2013;FALSE
"786";"Keck0120_MC1.tsv";2598;FALSE
