;sample;count;analysis
1;T1D_6323;966;TRUE
2;CONTROL_6174;1595;FALSE
3;CONTROL_6254;2950;FALSE
4;CONTROL_6271;3158;FALSE
5;CONTROL_6278;4760;FALSE
6;CONTROL_6279;1756;FALSE
7;CONTROL_6282;272;FALSE
8;CONTROL_6287;699;FALSE
9;CONTROL_6288;2240;FALSE
10;CONTROL_6289;3022;FALSE
11;T1D_6161;1085;TRUE
12;T1D_6193;2654;TRUE
13;T1D_6195;523;TRUE
14;T1D_6196;1115;TRUE
15;T1D_6207;8813;TRUE
16;T1D_6208;3548;TRUE
17;T1D_6211;3070;TRUE
18;T1D_6212;2051;TRUE
19;T1D_6220;1644;TRUE
20;T1D_6242;2731;TRUE
21;T1D_6243;1513;TRUE
22;T1D_6262;1296;TRUE
23;T1D_6263;595;TRUE
24;T1D_6264;1214;TRUE
25;T1D_6265;1616;TRUE
26;T1D_6266;1078;TRUE
27;T1D_6285;1434;TRUE